pid,original_pid,label,summary,object_type,media_type,creator,date,place,repository,reference,extent,subjects,subject_vocabularies,description,rights,license,current_location,exhibit_section,exhibit_url,order,layout,collection,thumbnail,full,manifest,canonical_item,hide_from_collection,search_exclude
repetto-1980-carta-gropello-cairoli,carta-repetto-gropello,Carta archeologica del territorio di Gropello Cairoli,"Riproduzione della carta archeologica del territorio di Gropello Cairoli pubblicata nella guida dell'Antiquarium Laumellinum Antona, con indicazione delle principali aree di rinvenimento note nel territorio.",fonte bibliografica,image,Arnaldo Repetto,1980,Gropello Cairoli (PV),Archivio Davide Pace,"Archivio Davide Pace, Repetto, A., 1980 (a cura di), Antiquarium Laumellinum Antona. Guida al Museo Civico Archeologico",1 immagine digitale,Gropello Cairoli; scavi archeologici; allestimenti museali; rilievi archeologici; carta archeologica; fonte bibliografica,Nuovo soggettario BNCF; Getty Art & Architecture Thesaurus (AAT); ICCD - normative e vocabolari catalografici,"Carta archeologica del territorio di Gropello Cairoli con indicazione delle principali località di rinvenimento e delle aree archeologiche note. Fonte: Repetto, A., 1980 (a cura di), Antiquarium Laumellinum Antona. Guida al Museo Civico Archeologico, Comune di Gropello Cairoli.",&copy; Direzione regionale Musei Nazionali Lombardia - Museo Archeologico Nazionale della Lomellina; CC BY-NC 4.0 https://creativecommons.org/licenses/by-nc/4.0/,https://creativecommons.org/licenses/by-nc/4.0/,Museo Archeologico Nazionale della Lomellina,Dal territorio al museo,/pages/territorio-museo/,22,pace_iiif_item,pace,"/img/derivatives/iiif/images/carta-repetto-gropello/full/250,/0/default.jpg","/img/derivatives/iiif/images/carta-repetto-gropello/full/1140,/0/default.jpg",/img/derivatives/iiif/repetto-1980-carta-gropello-cairoli/manifest.json,"","",""
davide-pace-b01-f004,davide-pace-b01-f004-avventura-gropello,Avventura ufficiale nell'antichità di Gropello. Dal natale dell'indagine al natale del museo,La documentazione comprende una relazione redatta da Davide Pace sulle indagini archeologiche condotte nel territorio di Gropello Cairoli tra il 26 febbraio 1955 e l'11 febbraio 1956.,relazione dattiloscritta,text,Davide Pace,1955-1958,Gropello Cairoli (PV),Archivio Davide Pace,"Archivio Davide Pace, b. 1, fasc. 4, doc. 1-11",11 immagini digitali,Gropello Cairoli; scavi archeologici; allestimenti museali; Davide Pace,Nuovo soggettario BNCF; Getty Art & Architecture Thesaurus (AAT); ICCD - normative e vocabolari catalografici,"La documentazione comprende una relazione redatta da Davide Pace sulle indagini archeologiche condotte nel territorio di Gropello Cairoli tra il 26 febbraio 1955 e l'11 febbraio 1956.
La relazione reca il titolo ""Avventura ufficiale nell'antichità di Gropello. Dal natale dell'indagine al natale del museo"" ed è destinata alla pubblicazione su rivista. Nel testo sono ricostruite le fasi iniziali delle ricerche archeologiche e richiamata l'istituzione dell'Antiquarium di Gropello - Museo Archeologico di Gropello, promossa dal Comune con deliberazione del 29 dicembre 1955.
Il fascicolo include inoltre la corrispondenza intercorsa tra Davide Pace e Arrigo Arrigoni relativa alla richiesta, all'invio e alla pubblicazione della relazione.",&copy; Direzione regionale Musei Nazionali Lombardia - Museo Archeologico Nazionale della Lomellina; CC BY-NC 4.0 https://creativecommons.org/licenses/by-nc/4.0/,https://creativecommons.org/licenses/by-nc/4.0/,Museo Archeologico Nazionale della Lomellina,Davide Pace,/pages/davide-pace/,"",pace_iiif_item,pace,"/img/derivatives/iiif/images/davide-pace-b01-f004-avventura-gropello-doc. 1/full/250,/0/default.jpg","/img/derivatives/iiif/images/davide-pace-b01-f004-avventura-gropello-doc. 1/full/1140,/0/default.jpg",/img/derivatives/iiif/davide-pace-b01-f004/manifest.json,"","",""
davide-pace-scat12-f255-ud001,davide-pace-contesto-alpino-scat12-f255-ud001,"Fotografia di Davide Pace in contesto alpino, agosto 1964","Fotografia di Davide Pace in contesto alpino, agosto 1964. L'identificazione del luogo non è certa; l'immagine è collegata alla fase di passaggio dagli studi in Lomellina all'interesse per i contesti alpini.",documentazione fotografica,image,Davide Pace,agosto 1964,contesto alpino non identificato,Archivio Davide Pace,"Archivio Davide Pace, scat. 12, fasc. 255",1 immagine digitale,scavi archeologici; Davide Pace,Nuovo soggettario BNCF; Getty Art & Architecture Thesaurus (AAT); ICCD - normative e vocabolari catalografici,"Fotografia di Davide Pace in contesto alpino, agosto 1964. L'identificazione del luogo non ? certa; l'immagine ? collegata alla fase di passaggio dagli studi in Lomellina all'interesse per i contesti alpini.",&copy; Direzione regionale Musei Nazionali Lombardia - Museo Archeologico Nazionale della Lomellina; CC BY-NC 4.0 https://creativecommons.org/licenses/by-nc/4.0/,https://creativecommons.org/licenses/by-nc/4.0/,Museo Archeologico Nazionale della Lomellina,Davide Pace,/pages/davide-pace/,"",pace_iiif_item,pace,"/img/derivatives/iiif/images/davide-pace-contesto-alpino-scat12-f255-ud001-recto/full/250,/0/default.jpg","/img/derivatives/iiif/images/davide-pace-contesto-alpino-scat12-f255-ud001-recto/full/1140,/0/default.jpg",/img/derivatives/iiif/davide-pace-scat12-f255-ud001/manifest.json,"","",""
davide-pace-scat10-f227-f228,davide-pace-dosso-marone-tutela,"Gropello Cairoli, Dosso del Marone. Scavi archeologici e tutela dell'area, 1956-1960 (?)",Le fotografie documentano l'area del Dosso del Marone (Gropello Cairoli) nel quadro delle attività di tutela promosse durante gli scavi archeologici. Il nucleo distingue il positivo fotografico conservato nel fasc. 227 dal negativo trasformato in positivo digitale conservato nel fasc. 228; entrambe le immagini mostrano il cartello della Soprintendenza alle antichità della Lombardia con il divieto di effettuare scavi o sterri nell'area.,documentazione fotografica,image,Davide Pace,1956-1960 (?),"Gropello Cairoli (PV), località Marone, Settore Panzarasa",Archivio Davide Pace,"Archivio Davide Pace, scat. 10, fasc. 227; scat. 10, fasc. 228",2 immagini digitali,Gropello Cairoli; località Marone; scavi archeologici; tutela archeologica; Davide Pace,Nuovo soggettario BNCF; Getty Art & Architecture Thesaurus (AAT); ICCD - normative e vocabolari catalografici,"Gropello Cairoli, Dosso del Marone. Scavi archeologici e tutela dell’area, 1956-1960 (?) La sezione riunisce due testimonianze dello stesso soggetto: il positivo fotografico del fasc. 227 e il negativo trasformato in positivo del fasc. 228. Entrambe documentano il cartello della Soprintendenza alle antichità della Lombardia con il divieto di effettuare scavi o sterri nell’area.",&copy; Direzione regionale Musei Nazionali Lombardia - Museo Archeologico Nazionale della Lomellina; CC BY-NC 4.0 https://creativecommons.org/licenses/by-nc/4.0/,https://creativecommons.org/licenses/by-nc/4.0/,Museo Archeologico Nazionale della Lomellina,Davide Pace,/pages/davide-pace/,"",pace_iiif_item,pace,"/img/derivatives/iiif/images/davide-pace-dosso-marone-tutela-scat10-f227-ud009/full/250,/0/default.jpg","/img/derivatives/iiif/images/davide-pace-dosso-marone-tutela-scat10-f227-ud009/full/1140,/0/default.jpg",/img/derivatives/iiif/davide-pace-scat10-f227-f228/manifest.json,"","",""
davide-pace-scat12-4-f286-doc17-19,davide-pace-passerini-scat12-4-fasc286-doc17-19,"Gropello Cairoli, podere Passerini. Fornace romana. Documentazione fotografica, 27 marzo 1959","Gropello Cairoli, podere Passerini. Fornace romana. Documentazione fotografica, 27 marzo 1959",documentazione fotografica,image,Davide Pace,27 marzo 1959,"Gropello Cairoli (PV), podere Passerini",Archivio Davide Pace,"Archivio Davide Pace, scat. 13.4, fasc. 286",2 immagini digitali,Gropello Cairoli; podere Passerini; scavi archeologici; fornaci romane; Davide Pace,Nuovo soggettario BNCF; Getty Art & Architecture Thesaurus (AAT); ICCD - normative e vocabolari catalografici,"Gropello Cairoli, podere Passerini. Fornace romana. Documentazione fotografica, 27 marzo 1959. Riprese di Davide Pace nell'area di scavo della fornace romana.",&copy; Direzione regionale Musei Nazionali Lombardia - Museo Archeologico Nazionale della Lomellina; CC BY-NC 4.0 https://creativecommons.org/licenses/by-nc/4.0/,https://creativecommons.org/licenses/by-nc/4.0/,Museo Archeologico Nazionale della Lomellina,Davide Pace,/pages/davide-pace/,900,pace_iiif_item,pace,"/img/derivatives/iiif/images/davide-pace-passerini-scat12-4-fasc286-doc17-19-doc17/full/250,/0/default.jpg","/img/derivatives/iiif/images/davide-pace-passerini-scat12-4-fasc286-doc17-19-doc17/full/1140,/0/default.jpg",/img/derivatives/iiif/davide-pace-scat12-4-f286-doc17-19/manifest.json,"","",""
davide-pace-scat08-f202-doc11,davide-pace-rete-documentazione-santo-spirito-doc11,"Gropello Cairoli, Santo Spirito. Indagini archeologiche, novembre 1964: fascicolo rosso e frammento fittile","Stampa a colori raffigurante un interno con tavolo, fascicolo rosso e frammento fittile. Pur apparendo non pertinente al contesto dello scavo, documenta materiali e pratiche di inventariazione e documentazione archivistica legate all Archivio Davide Pace.",fascicolo archivistico,text,Davide Pace,novembre 1964,"Gropello Cairoli (PV), località Santo Spirito",Archivio Davide Pace,"Archivio Davide Pace, scat. 8, fasc. 202, doc. 11",1 immagine digitale,Gropello Cairoli; Santo Spirito; scavi archeologici; Davide Pace,Nuovo soggettario BNCF; Getty Art & Architecture Thesaurus (AAT); ICCD - normative e vocabolari catalografici,"Gropello Cairoli, Santo Spirito. Indagini archeologiche, novembre 1964. Stampa a colori raffigurante un interno con tavolo, fascicolo rosso e frammento fittile; documenta pratiche di inventariazione e documentazione archivistica.",&copy; Direzione regionale Musei Nazionali Lombardia - Museo Archeologico Nazionale della Lomellina; CC BY-NC 4.0 https://creativecommons.org/licenses/by-nc/4.0/,https://creativecommons.org/licenses/by-nc/4.0/,Museo Archeologico Nazionale della Lomellina,Davide Pace,/pages/davide-pace/,900,pace_iiif_item,pace,"/img/derivatives/iiif/images/davide-pace-rete-documentazione-santo-spirito-doc11-scat08-f202-doc11/full/250,/0/default.jpg","/img/derivatives/iiif/images/davide-pace-rete-documentazione-santo-spirito-doc11-scat08-f202-doc11/full/1140,/0/default.jpg",/img/derivatives/iiif/davide-pace-scat08-f202-doc11/manifest.json,"","",""
davide-pace-scat08-f205-doc09,davide-pace-rete-documentazione-santo-spirito-doc9,"Gropello Cairoli, Santo Spirito. Indagini archeologiche, aprile 1965: ripresa fotografica sul campo",Stampa a colori che documenta le attività di ripresa fotografica e registrazione visiva delle indagini archeologiche condotte a Santo Spirito nell' aprile 1965.,documentazione fotografica,image,Davide Pace,aprile 1965,"Gropello Cairoli (PV), località Santo Spirito",Archivio Davide Pace,"Archivio Davide Pace, scat. 8, fasc. 205, doc. 9",1 immagine digitale,Gropello Cairoli; Santo Spirito; scavi archeologici; Davide Pace,Nuovo soggettario BNCF; Getty Art & Architecture Thesaurus (AAT); ICCD - normative e vocabolari catalografici,"Gropello Cairoli, Santo Spirito. Indagini archeologiche, aprile 1965. Stampa a colori che documenta le attività di ripresa fotografica e registrazione visiva delle indagini archeologiche sul campo.",&copy; Direzione regionale Musei Nazionali Lombardia - Museo Archeologico Nazionale della Lomellina; CC BY-NC 4.0 https://creativecommons.org/licenses/by-nc/4.0/,https://creativecommons.org/licenses/by-nc/4.0/,Museo Archeologico Nazionale della Lomellina,Davide Pace,/pages/davide-pace/,900,pace_iiif_item,pace,"/img/derivatives/iiif/images/davide-pace-rete-documentazione-santo-spirito-doc9-scat08-f205-doc09/full/250,/0/default.jpg","/img/derivatives/iiif/images/davide-pace-rete-documentazione-santo-spirito-doc9-scat08-f205-doc09/full/1140,/0/default.jpg",/img/derivatives/iiif/davide-pace-scat08-f205-doc09/manifest.json,"","",""
davide-pace-scat12-2-f266,davide-pace-santo-spirito-scavi-f266,"Gropello Cairoli, Santo Spirito. Documentazione fotografica delle attività di scavo, 1960 (?)","Le diapositive digitalizzate documentano le attività di scavo sul promontorio di Santo Spirito: vedute d'insieme dell'area, settori interessati da movimenti di terra, profili e porzioni di stratigrafia messi in luce, concentrazioni di ciottoli e laterizi affioranti. La sequenza comprende anche riprese del paesaggio circostante e momenti del lavoro sul campo con strumenti e operatori.",documentazione fotografica,image,Davide Pace,1960 (?),"Gropello Cairoli (PV), località Santo Spirito",Archivio Davide Pace,"Archivio Davide Pace, scat. 13.2, fasc. 266",6 immagini digitali,Gropello Cairoli; Santo Spirito; scavi archeologici; Davide Pace,Nuovo soggettario BNCF; Getty Art & Architecture Thesaurus (AAT); ICCD - normative e vocabolari catalografici,"Gropello Cairoli, Santo Spirito. Documentazione fotografica delle attività di scavo, 1960 (?) Le diapositive digitalizzate mostrano vedute d’insieme, profili del terreno, porzioni di stratigrafia, concentrazioni di ciottoli e laterizi, strumenti di lavoro e scorci del paesaggio circostante.",&copy; Direzione regionale Musei Nazionali Lombardia - Museo Archeologico Nazionale della Lomellina; CC BY-NC 4.0 https://creativecommons.org/licenses/by-nc/4.0/,https://creativecommons.org/licenses/by-nc/4.0/,Museo Archeologico Nazionale della Lomellina,Davide Pace,/pages/davide-pace/,"",pace_iiif_item,pace,"/img/derivatives/iiif/images/davide-pace-santo-spirito-scavi-f266-ud011-fot01/full/250,/0/default.jpg","/img/derivatives/iiif/images/davide-pace-santo-spirito-scavi-f266-ud011-fot01/full/1140,/0/default.jpg",/img/derivatives/iiif/davide-pace-scat12-2-f266/manifest.json,"","",""
davide-pace-scat12-f256-ud001,davide-pace-sul-campo-indagine-1965,"Documentazione fotografica di indagine sul campo, 12 novembre 1965","Stampa a colori di documentazione fotografica di indagine sul campo, 12 novembre 1965. L'immagine raffigura Davide Pace insieme a una persona non identificata accanto a un settore di scavo, con attrezzi da lavoro, durante le attività di indagine.",documentazione fotografica,image,Davide Pace,12 novembre 1965,Gropello Cairoli (PV),Archivio Davide Pace,"Archivio Davide Pace, scat. 12, fasc. 256, doc. 1",1 immagine digitale,scavi archeologici; Davide Pace,Nuovo soggettario BNCF; Getty Art & Architecture Thesaurus (AAT); ICCD - normative e vocabolari catalografici,"Documentazione fotografica di indagine sul campo, 12 novembre 1965. Davide Pace e una persona non identificata sono ritratti accanto a un settore di scavo, muniti di attrezzi da lavoro.",&copy; Direzione regionale Musei Nazionali Lombardia - Museo Archeologico Nazionale della Lomellina; CC BY-NC 4.0 https://creativecommons.org/licenses/by-nc/4.0/,https://creativecommons.org/licenses/by-nc/4.0/,Museo Archeologico Nazionale della Lomellina,Davide Pace,/pages/davide-pace/,"",pace_iiif_item,pace,"/img/derivatives/iiif/images/davide-pace-sul-campo-indagine-1965-r-01/full/250,/0/default.jpg","/img/derivatives/iiif/images/davide-pace-sul-campo-indagine-1965-r-01/full/1140,/0/default.jpg",/img/derivatives/iiif/davide-pace-scat12-f256-ud001/manifest.json,"","",""
davide-pace-b04-f106-ud009,davide-pace-sul-campo-lanfranchi-tomba3,"Gropello, dosso Lanfranchi. Necropoli, tomba n. 3","Fotografia relativa alla necropoli di Gropello, sepolcreto del dosso Lanfranchi, tomba n. 3. Il recto documenta due operatori impegnati presso il contesto di scavo; il verso conserva l'annotazione manoscritta con l'indicazione del luogo, del soggetto e dell'affioramento iniziale.",fascicolo archivistico,text,Davide Pace,20 giugno 1957,"Gropello Cairoli (PV), Settore Lanfranchi",Archivio Davide Pace,"Archivio Davide Pace, b. 4, fasc. 106, doc. 9",2 immagini digitali,Gropello Cairoli; Settore Lanfranchi; scavi archeologici; necropoli; Davide Pace; Luciano Milanesi,Nuovo soggettario BNCF; Getty Art & Architecture Thesaurus (AAT); ICCD - normative e vocabolari catalografici,"Gropello, dosso Lanfranchi. Necropoli, tomba n. 3. La fotografia documenta Davide Pace e Luciano Milanesi presso il contesto di scavo; il verso conserva l'annotazione manoscritta con indicazione di luogo, soggetto e affioramento iniziale.",© Direzione regionale Musei Nazionali Lombardia - Museo Archeologico Nazionale della Lomellina; CC BY-NC 4.0 https://creativecommons.org/licenses/by-nc/4.0/,https://creativecommons.org/licenses/by-nc/4.0/,Museo Archeologico Nazionale della Lomellina,Davide Pace,/pages/davide-pace/,"",pace_iiif_item,pace,"/img/derivatives/iiif/images/davide-pace-sul-campo-lanfranchi-tomba3-r/full/250,/0/default.jpg","/img/derivatives/iiif/images/davide-pace-sul-campo-lanfranchi-tomba3-r/full/1140,/0/default.jpg",/img/derivatives/iiif/davide-pace-b04-f106-ud009/manifest.json,"","",""
davide-pace-scat11-f246-ud003,davide-pace-sul-campo-passerini-fornace-f246,"Gropello Cairoli, podere Passerini. Fornace romana. Serie dei fotogrammi ingranditi","Ingrandimento fotografico relativo alla fornace romana del podere Passerini, eseguito nell'ambito della serie di fotogrammi dedicati alla documentazione analitica delle strutture. Il nucleo documenta porzioni murarie, elementi laterizi, cavità e dettagli costruttivi della fornace, con annotazioni sul verso riferibili alle riprese di Davide Pace e Francesco Pace.",documentazione fotografica,image,Davide Pace,31 luglio 1958 - 10 luglio 1959,"Gropello Cairoli (PV), podere Passerini",Archivio Davide Pace,"Archivio Davide Pace, scat. 11, fasc. 246, doc. 3",2 immagini digitali,Gropello Cairoli; podere Passerini; fornaci romane; Davide Pace; Francesco Pace,Nuovo soggettario BNCF; Getty Art & Architecture Thesaurus (AAT); ICCD - normative e vocabolari catalografici,"Ingrandimento fotografico relativo alla fornace romana del podere Passerini, eseguito nell'ambito della serie di fotogrammi dedicati alla documentazione analitica delle strutture. Il nucleo documenta porzioni murarie, elementi laterizi, cavita e dettagli costruttivi della fornace, con annotazioni sul verso riferibili alle riprese di Davide Pace e Francesco Pace.",&copy; Direzione regionale Musei Nazionali Lombardia - Museo Archeologico Nazionale della Lomellina; CC BY-NC 4.0 https://creativecommons.org/licenses/by-nc/4.0/,https://creativecommons.org/licenses/by-nc/4.0/,Museo Archeologico Nazionale della Lomellina,Davide Pace,/pages/davide-pace/,"",pace_iiif_item,pace,"/img/derivatives/iiif/images/davide-pace-sul-campo-passerini-fornace-f246-r/full/250,/0/default.jpg","/img/derivatives/iiif/images/davide-pace-sul-campo-passerini-fornace-f246-r/full/1140,/0/default.jpg",/img/derivatives/iiif/davide-pace-scat11-f246-ud003/manifest.json,"","",""
davide-pace-scat08-f204-ud013,davide-pace-sul-campo-santo-spirito-1965,"Gropello Cairoli, promontorio di Santo Spirito. Davide Pace e saggio di scavo, aprile 1965","Stampa fotografica in bianco e nero relativa alle indagini archeologiche condotte presso il promontorio di Santo Spirito nell'aprile 1965. L'immagine ritrae Davide Pace presso un saggio di scavo, con evidenza del fronte e del profilo del terreno documentati durante le attività sul campo.",documentazione fotografica,image,Davide Pace,aprile 1965,"Gropello Cairoli (PV), località Santo Spirito",Archivio Davide Pace,"Archivio Davide Pace, scat. 8, fasc. 204, doc. 13",1 immagine digitale,Gropello Cairoli; Santo Spirito; scavi archeologici; Davide Pace,Nuovo soggettario BNCF; Getty Art & Architecture Thesaurus (AAT); ICCD - normative e vocabolari catalografici,"Gropello Cairoli, promontorio di Santo Spirito. Indagini archeologiche, aprile 1965. Davide Pace in un'area di scavo archeologico, con evidenza dei livelli stratigrafici.",&copy; Direzione regionale Musei Nazionali Lombardia - Museo Archeologico Nazionale della Lomellina; CC BY-NC 4.0 https://creativecommons.org/licenses/by-nc/4.0/,https://creativecommons.org/licenses/by-nc/4.0/,Museo Archeologico Nazionale della Lomellina,Davide Pace,/pages/davide-pace/,"",pace_iiif_item,pace,"/img/derivatives/iiif/images/davide-pace-sul-campo-santo-spirito-1965-r/full/250,/0/default.jpg","/img/derivatives/iiif/images/davide-pace-sul-campo-santo-spirito-1965-r/full/1140,/0/default.jpg",/img/derivatives/iiif/davide-pace-scat08-f204-ud013/manifest.json,"","",""
davide-pace-b03-f067,nucleo2-antona-b03-f067,"Squadra Volante Archeologica Antona, b. 3, fasc. 67","Squadra Volante Archeologica Antona, b. 3, fasc. 67",documentazione fotografica,image,Davide Pace,s.d.,Gropello Cairoli (PV),Archivio Davide Pace,"Archivio Davide Pace, b. 3, fasc. 67",1 immagine digitale,Gropello Cairoli; scavi archeologici; tutela archeologica; necropoli; Davide Pace,Nuovo soggettario BNCF; Getty Art & Architecture Thesaurus (AAT); ICCD - normative e vocabolari catalografici,"Documentazione fotografica delle attività di scavo nella necropoli in località Magone, vigna Marabelli.",&copy; Direzione regionale Musei Nazionali Lombardia - Museo Archeologico Nazionale della Lomellina; CC BY-NC 4.0 https://creativecommons.org/licenses/by-nc/4.0/,https://creativecommons.org/licenses/by-nc/4.0/,Museo Archeologico Nazionale della Lomellina,Comunità locale e tutela,/exhibits/comunità-locale/,900,pace_iiif_item,pace,"/img/derivatives/iiif/images/nucleo2-antona-b03-f067-doc5-r/full/250,/0/default.jpg","/img/derivatives/iiif/images/nucleo2-antona-b03-f067-doc5-r/full/1140,/0/default.jpg",/img/derivatives/iiif/davide-pace-b03-f067/manifest.json,"","",""
davide-pace-b04-f104,nucleo2-antona-b04-f104,"Squadra Volante Archeologica Antona, b. 4, fasc. 104","Squadra Volante Archeologica Antona, b. 4, fasc. 104",documentazione fotografica,image,Davide Pace,s.d.,Gropello Cairoli (PV),Archivio Davide Pace,"Archivio Davide Pace, b. 4, fasc. 104",5 immagini digitali,Gropello Cairoli; scavi archeologici; tutela archeologica; Davide Pace,Nuovo soggettario BNCF; Getty Art & Architecture Thesaurus (AAT); ICCD - normative e vocabolari catalografici,"Fotografie in bianco e nero del contesto di scavo, dei reperti e del gruppo di lavoro. Le immagini possono essere consultate in sequenza nel viewer IIIF.",&copy; Direzione regionale Musei Nazionali Lombardia - Museo Archeologico Nazionale della Lomellina; CC BY-NC 4.0 https://creativecommons.org/licenses/by-nc/4.0/,https://creativecommons.org/licenses/by-nc/4.0/,Museo Archeologico Nazionale della Lomellina,Comunità locale e tutela,/exhibits/comunità-locale/,900,pace_iiif_item,pace,"/img/derivatives/iiif/images/nucleo2-antona-b04-f104-doc1-r/full/250,/0/default.jpg","/img/derivatives/iiif/images/nucleo2-antona-b04-f104-doc1-r/full/1140,/0/default.jpg",/img/derivatives/iiif/davide-pace-b04-f104/manifest.json,"","",""
davide-pace-b05-f123,nucleo2-antona-b05-f123,"Squadra Volante Archeologica Antona, b. 5, fasc. 123","Squadra Volante Archeologica Antona, b. 5, fasc. 123",documentazione fotografica,image,Davide Pace,s.d.,"Gropello Cairoli (PV), località Marone, Settore Panzarasa",Archivio Davide Pace,"Archivio Davide Pace, b. 5, fasc. 123",1 immagine digitale,Gropello Cairoli; Settore Panzarasa; scavi archeologici; tutela archeologica; necropoli; Davide Pace,Nuovo soggettario BNCF; Getty Art & Architecture Thesaurus (AAT); ICCD - normative e vocabolari catalografici,"Documentazione fotografica del gruppo di lavoro nel contesto delle attività di scavo presso la necropoli di Gropello Cairoli, località Vughera.",&copy; Direzione regionale Musei Nazionali Lombardia - Museo Archeologico Nazionale della Lomellina; CC BY-NC 4.0 https://creativecommons.org/licenses/by-nc/4.0/,https://creativecommons.org/licenses/by-nc/4.0/,Museo Archeologico Nazionale della Lomellina,Comunità locale e tutela,/exhibits/comunità-locale/,900,pace_iiif_item,pace,"/img/derivatives/iiif/images/nucleo2-antona-b05-f123-doc1-r/full/250,/0/default.jpg","/img/derivatives/iiif/images/nucleo2-antona-b05-f123-doc1-r/full/1140,/0/default.jpg",/img/derivatives/iiif/davide-pace-b05-f123/manifest.json,"","",""
davide-pace-b02-f035-doc09-10,nucleo2-embrice-carteggio-b02-f035,Lettera e appunti sul rinvenimento dell'embrice iscritto,Lettera e appunti sul rinvenimento dell'embrice iscritto,corrispondenza,text,Davide Pace,s.d.,"Gropello Cairoli (PV), località Santo Spirito",Archivio Davide Pace,"Archivio Davide Pace, b. 2, fasc. 35, doc. 9-10",4 immagini digitali,Gropello Cairoli; Santo Spirito; scavi archeologici; tutela archeologica; reperti archeologici; iscrizioni; Davide Pace,Nuovo soggettario BNCF; Getty Art & Architecture Thesaurus (AAT); ICCD - normative e vocabolari catalografici,"Corrispondenza e appunti conservati nell'Archivio Davide Pace, utili a ricostruire il contesto di rinvenimento, le comunicazioni con gli enti di tutela e le informazioni sul territorio di Gropello Cairoli (PV), località Santo Spirito.",&copy; Direzione regionale Musei Nazionali Lombardia - Museo Archeologico Nazionale della Lomellina; CC BY-NC 4.0 https://creativecommons.org/licenses/by-nc/4.0/,https://creativecommons.org/licenses/by-nc/4.0/,Museo Archeologico Nazionale della Lomellina,Comunità locale e tutela,/exhibits/comunità-locale/,"",pace_iiif_item,pace,"/img/derivatives/iiif/images/nucleo2-embrice-carteggio-b02-f035-ud009-r/full/250,/0/default.jpg","/img/derivatives/iiif/images/nucleo2-embrice-carteggio-b02-f035-ud009-r/full/1140,/0/default.jpg",/img/derivatives/iiif/davide-pace-b02-f035-doc09-10/manifest.json,"","",""
davide-pace-scat08-f192-doc01-02,nucleo2-embrice-fasc192-fotografie,"Iscrizione ATILIVS, scat. 8, fasc. 192","Documentazione fotografica dell’iscrizione ATILIVS proveniente da Santo Spirito, Gropello Cairoli.",fascicolo archivistico,text,Davide Pace,s.d.,"Gropello Cairoli (PV), località Santo Spirito",Archivio Davide Pace,"Archivio Davide Pace, scat. 8, fasc. 192, doc. 1-2",4 immagini digitali,Gropello Cairoli; Santo Spirito; reperti archeologici; iscrizioni; Davide Pace,Nuovo soggettario BNCF; Getty Art & Architecture Thesaurus (AAT); ICCD - normative e vocabolari catalografici,Documentazione fotografica dell'iscrizione e del contesto di Santo Spirito conservata nel fascicolo 192.,&copy; Direzione regionale Musei Nazionali Lombardia - Museo Archeologico Nazionale della Lomellina; CC BY-NC 4.0 https://creativecommons.org/licenses/by-nc/4.0/,https://creativecommons.org/licenses/by-nc/4.0/,Museo Archeologico Nazionale della Lomellina,Comunità locale e tutela,/exhibits/comunità-locale/,"",pace_iiif_item,pace,"/img/derivatives/iiif/images/nucleo2-embrice-fasc192-fotografie-scat08-ud001-r/full/250,/0/default.jpg","/img/derivatives/iiif/images/nucleo2-embrice-fasc192-fotografie-scat08-ud001-r/full/1140,/0/default.jpg",/img/derivatives/iiif/davide-pace-scat08-f192-doc01-02/manifest.json,"","",""
manlo-n-inv-13418-dettaglio,nucleo2-embrice-reperto-13418-dettaglio,"Embrice iscritto, dettaglio dell'iscrizione","Embrice iscritto, dettaglio dell'iscrizione",documentazione fotografica,image,Documentazione fotografica di progetto,2026,"Gropello Cairoli (PV), località Santo Spirito",Museo Archeologico Nazionale della Lomellina,"Documentazione fotografica realizzata nel 2026 nell'ambito del progetto, appositamente per la documentazione dei corredi.",1 immagine digitale,Gropello Cairoli; Santo Spirito; reperti archeologici; iscrizioni; allestimenti museali; Davide Pace,Nuovo soggettario BNCF; Getty Art & Architecture Thesaurus (AAT); ICCD - normative e vocabolari catalografici,"Fotografia attuale dell'embrice iscritto, esposto presso il Museo Archeologico Nazionale della Lomellina, sala 3, vetrina 5; dettaglio dell'iscrizione. Fotografia realizzata nel 2026 nell'ambito del progetto, appositamente per la documentazione dei corredi.",&copy; Direzione regionale Musei Nazionali Lombardia - Museo Archeologico Nazionale della Lomellina; CC BY-NC 4.0 https://creativecommons.org/licenses/by-nc/4.0/,https://creativecommons.org/licenses/by-nc/4.0/,Museo Archeologico Nazionale della Lomellina,Comunità locale e tutela,/exhibits/comunità-locale/,900,pace_iiif_item,pace,"/img/derivatives/iiif/images/nucleo2-embrice-reperto-13418-dettaglio-dettaglio-iscrizione/full/250,/0/default.jpg","/img/derivatives/iiif/images/nucleo2-embrice-reperto-13418-dettaglio-dettaglio-iscrizione/full/1140,/0/default.jpg",/img/derivatives/iiif/manlo-n-inv-13418-dettaglio/manifest.json,"","",""
manlo-n-inv-13418,nucleo2-embrice-reperto-13418,"Embrice iscritto, fotografia attuale","Embrice iscritto, fotografia attuale",documentazione fotografica,image,Documentazione fotografica di progetto,2026,"Gropello Cairoli (PV), località Santo Spirito",Museo Archeologico Nazionale della Lomellina,"Documentazione fotografica realizzata nel 2026 nell'ambito del progetto, appositamente per la documentazione dei corredi.",1 immagine digitale,Gropello Cairoli; Santo Spirito; reperti archeologici; iscrizioni; allestimenti museali; Davide Pace,Nuovo soggettario BNCF; Getty Art & Architecture Thesaurus (AAT); ICCD - normative e vocabolari catalografici,"Fotografia attuale dell'embrice iscritto, esposto presso il Museo Archeologico Nazionale della Lomellina, sala 3, vetrina 5. Fotografia realizzata nel 2026 nell'ambito del progetto, appositamente per la documentazione dei corredi.",&copy; Direzione regionale Musei Nazionali Lombardia - Museo Archeologico Nazionale della Lomellina; CC BY-NC 4.0 https://creativecommons.org/licenses/by-nc/4.0/,https://creativecommons.org/licenses/by-nc/4.0/,Museo Archeologico Nazionale della Lomellina,Comunità locale e tutela,/exhibits/comunità-locale/,900,pace_iiif_item,pace,"/img/derivatives/iiif/images/nucleo2-embrice-reperto-13418-reperto/full/250,/0/default.jpg","/img/derivatives/iiif/images/nucleo2-embrice-reperto-13418-reperto/full/1140,/0/default.jpg",/img/derivatives/iiif/manlo-n-inv-13418/manifest.json,"","",""
davide-pace-b02-f035-ud001-004,nucleo2-embrice-rinvenimento-b02-f035,"Rinvenimento dell'embrice iscritto, b. 2, fasc. 35","Rinvenimento dell'embrice iscritto, b. 2, fasc. 35",documentazione fotografica,image,Davide Pace,s.d.,"Gropello Cairoli (PV), località Santo Spirito",Archivio Davide Pace,"Archivio Davide Pace, b. 2, fasc. 35, doc. 1-4",4 immagini digitali,Gropello Cairoli; Santo Spirito; scavi archeologici; reperti archeologici; iscrizioni; Davide Pace,Nuovo soggettario BNCF; Getty Art & Architecture Thesaurus (AAT); ICCD - normative e vocabolari catalografici,"Riprese fotografiche della vigna, luogo di rinvenimento, frammenti dell'embrice e documentazione fotografica del reperto.",&copy; Direzione regionale Musei Nazionali Lombardia - Museo Archeologico Nazionale della Lomellina; CC BY-NC 4.0 https://creativecommons.org/licenses/by-nc/4.0/,https://creativecommons.org/licenses/by-nc/4.0/,Museo Archeologico Nazionale della Lomellina,Comunità locale e tutela,/exhibits/comunità-locale/,"",pace_iiif_item,pace,"/img/derivatives/iiif/images/nucleo2-embrice-rinvenimento-b02-f035-ud001-r/full/250,/0/default.jpg","/img/derivatives/iiif/images/nucleo2-embrice-rinvenimento-b02-f035-ud001-r/full/1140,/0/default.jpg",/img/derivatives/iiif/davide-pace-b02-f035-ud001-004/manifest.json,"","",""
davide-pace-b01-f002-doc01-02,nucleo2-ispettorato-b01-f002-doc1-2,"Ispettorato onorario alle antichità, b. 1, fasc. 2, doc. 1-2","Ispettorato onorario alle antichità, b. 1, fasc. 2, doc. 1-2",fascicolo archivistico,text,Davide Pace,13 giugno 1957; 22 ottobre 1955,Gropello Cairoli (PV),Archivio Davide Pace,"Archivio Davide Pace, b. 1, fasc. 2, doc. 1-2",4 immagini digitali,Gropello Cairoli; tutela archeologica; Davide Pace,Nuovo soggettario BNCF; Getty Art & Architecture Thesaurus (AAT); ICCD - normative e vocabolari catalografici,Regolamento della Squadra Volante Archeologica ANTONA e avviso ai cittàdini e agli agricoltori. I documenti possono essere consultati in sequenza nel viewer IIIF.,&copy; Direzione regionale Musei Nazionali Lombardia - Museo Archeologico Nazionale della Lomellina; CC BY-NC 4.0 https://creativecommons.org/licenses/by-nc/4.0/,https://creativecommons.org/licenses/by-nc/4.0/,Museo Archeologico Nazionale della Lomellina,Comunità locale e tutela,/exhibits/comunità-locale/,"",pace_iiif_item,pace,"/img/derivatives/iiif/images/nucleo2-ispettorato-b01-f002-doc1-2-doc1-r/full/250,/0/default.jpg","/img/derivatives/iiif/images/nucleo2-ispettorato-b01-f002-doc1-2-doc1-r/full/1140,/0/default.jpg",/img/derivatives/iiif/davide-pace-b01-f002-doc01-02/manifest.json,"","",""
davide-pace-b01-f002-doc03,nucleo2-ispettorato-b01-f002-doc3,"Ispettorato onorario alle antichità, b. 1, fasc. 2, doc. 3","Ispettorato onorario alle antichità, b. 1, fasc. 2, doc. 3",fascicolo archivistico,text,Davide Pace,1955-1957,Gropello Cairoli (PV),Archivio Davide Pace,"Archivio Davide Pace, b. 1, fasc. 2, doc. 3",1 immagine digitale,Gropello Cairoli; tutela archeologica; Davide Pace,Nuovo soggettario BNCF; Getty Art & Architecture Thesaurus (AAT); ICCD - normative e vocabolari catalografici,Avviso della Soprintendenza alle Antichità della Lombardia rivolto alla popolazione.,&copy; Direzione regionale Musei Nazionali Lombardia - Museo Archeologico Nazionale della Lomellina; CC BY-NC 4.0 https://creativecommons.org/licenses/by-nc/4.0/,https://creativecommons.org/licenses/by-nc/4.0/,Museo Archeologico Nazionale della Lomellina,Comunità locale e tutela,/exhibits/comunità-locale/,900,pace_iiif_item,pace,"/img/derivatives/iiif/images/nucleo2-ispettorato-b01-f002-doc3-doc3/full/250,/0/default.jpg","/img/derivatives/iiif/images/nucleo2-ispettorato-b01-f002-doc3-doc3/full/1140,/0/default.jpg",/img/derivatives/iiif/davide-pace-b01-f002-doc03/manifest.json,"","",""
manlo-n-inv-7337a,nucleo3-armilla-7337a,Armilla A n. inv. 7337A,Armilla in bronzo dalla Tomba VIII della necropoli del Marone.,documentazione fotografica,image,Documentazione fotografica di progetto,2026,"Gropello Cairoli (PV), località Marone, Settore Panzarasa",Museo Archeologico Nazionale della Lomellina,"Documentazione fotografica realizzata nel 2026 nell'ambito del progetto, appositamente per la documentazione dei corredi.",1 immagine digitale,Gropello Cairoli; località Marone; Settore Panzarasa; scavi archeologici; necropoli; corredo funerario; reperti archeologici; Davide Pace; corredo,Nuovo soggettario BNCF; Getty Art & Architecture Thesaurus (AAT); ICCD - normative e vocabolari catalografici,"Armilla in bronzo a sezione ovale, proveniente dal corredo della Tomba VIII. Fotografia realizzata nel 2026 nell'ambito del progetto, appositamente per la documentazione dei corredi.",&copy; Direzione regionale Musei Nazionali Lombardia - Museo Archeologico Nazionale della Lomellina; CC BY-NC 4.0 https://creativecommons.org/licenses/by-nc/4.0/,https://creativecommons.org/licenses/by-nc/4.0/,Museo Archeologico Nazionale della Lomellina,Documentare l'invisibile,/exhibits/documentare-invisibile/,63,pace_item,pace,/assets/images/nucleo-3/corredo/7337A.jpg,/assets/images/nucleo-3/corredo/7337A.jpg,"","","",""
manlo-n-inv-7337b,nucleo3-armilla-7337b,Armilla B n. inv. 7337B,Armilla in bronzo dalla Tomba VIII della necropoli del Marone.,documentazione fotografica,image,Documentazione fotografica di progetto,2026,"Gropello Cairoli (PV), località Marone, Settore Panzarasa",Museo Archeologico Nazionale della Lomellina,"Documentazione fotografica realizzata nel 2026 nell'ambito del progetto, appositamente per la documentazione dei corredi.",1 immagine digitale,Gropello Cairoli; località Marone; Settore Panzarasa; scavi archeologici; necropoli; corredo funerario; reperti archeologici; Davide Pace; corredo,Nuovo soggettario BNCF; Getty Art & Architecture Thesaurus (AAT); ICCD - normative e vocabolari catalografici,"Armilla in bronzo a sezione ovale, proveniente dal corredo della Tomba VIII. Fotografia realizzata nel 2026 nell'ambito del progetto, appositamente per la documentazione dei corredi.",&copy; Direzione regionale Musei Nazionali Lombardia - Museo Archeologico Nazionale della Lomellina; CC BY-NC 4.0 https://creativecommons.org/licenses/by-nc/4.0/,https://creativecommons.org/licenses/by-nc/4.0/,Museo Archeologico Nazionale della Lomellina,Documentare l'invisibile,/exhibits/documentare-invisibile/,64,pace_item,pace,/assets/images/nucleo-3/corredo/7337B.jpg,/assets/images/nucleo-3/corredo/7337B.jpg,"","","",""
manlo-n-inv-7339ab,nucleo3-fibule-7339ab,Fibule A-B n. inv. 7339A-B,Coppia di fibule in bronzo dalla Tomba VIII della necropoli del Marone.,documentazione fotografica,image,Documentazione fotografica di progetto,2026,"Gropello Cairoli (PV), località Marone, Settore Panzarasa",Museo Archeologico Nazionale della Lomellina,"Documentazione fotografica realizzata nel 2026 nell'ambito del progetto, appositamente per la documentazione dei corredi.",1 immagine digitale,Gropello Cairoli; località Marone; Settore Panzarasa; scavi archeologici; necropoli; corredo funerario; reperti archeologici; Davide Pace; corredo,Nuovo soggettario BNCF; Getty Art & Architecture Thesaurus (AAT); ICCD - normative e vocabolari catalografici,"Fibula in bronzo a cerniera e fibula in bronzo a balestra con molla composta. Fotografia realizzata nel 2026 nell'ambito del progetto, appositamente per la documentazione dei corredi.",&copy; Direzione regionale Musei Nazionali Lombardia - Museo Archeologico Nazionale della Lomellina; CC BY-NC 4.0 https://creativecommons.org/licenses/by-nc/4.0/,https://creativecommons.org/licenses/by-nc/4.0/,Museo Archeologico Nazionale della Lomellina,Documentare l'invisibile,/exhibits/documentare-invisibile/,65,pace_item,pace,/assets/images/nucleo-3/corredo/7339AB.jpg,/assets/images/nucleo-3/corredo/7339AB.jpg,"","","",""
davide-pace-b05-f140-fotografie-positive,nucleo3-foto-scavo-b5-f140-positive,"Fotografie digitalizzate dello scavo, b. 5, fasc. 140","Fotografie digitalizzate dello scavo, b. 5, fasc. 140",giornale di scavo,text,Davide Pace,27 gennaio 1961,"Gropello Cairoli (PV), località Marone, Settore Panzarasa",Archivio Davide Pace,"Archivio Davide Pace, b. 5, fasc. 140, doc. 1-2",4 immagini digitali,Gropello Cairoli; località Marone; Settore Panzarasa; scavi archeologici; Davide Pace,Nuovo soggettario BNCF; Getty Art & Architecture Thesaurus (AAT); ICCD - normative e vocabolari catalografici,"Giornale di scavo e annotazioni tecniche dell'Archivio Davide Pace, con dati sul rinvenimento, sulla disposizione dei materiali e sulle osservazioni effettuate nel contesto di Gropello Cairoli (PV), località Marone, Settore Panzarasa.",&copy; Direzione regionale Musei Nazionali Lombardia - Museo Archeologico Nazionale della Lomellina; CC BY-NC 4.0 https://creativecommons.org/licenses/by-nc/4.0/,https://creativecommons.org/licenses/by-nc/4.0/,Museo Archeologico Nazionale della Lomellina,Documentare l'invisibile,/exhibits/documentare-invisibile/,"",pace_iiif_item,pace,"/img/derivatives/iiif/images/nucleo3-foto-scavo-b5-f140-positive-doc1-r/full/250,/0/default.jpg","/img/derivatives/iiif/images/nucleo3-foto-scavo-b5-f140-positive-doc1-r/full/1140,/0/default.jpg",/img/derivatives/iiif/davide-pace-b05-f140-fotografie-positive/manifest.json,"","",""
manlo-n-inv-7338,nucleo3-fusaiola-7338,Fusaiola n. inv. 7338,Fusaiola in argilla dalla Tomba VIII della necropoli del Marone.,documentazione fotografica,image,Documentazione fotografica di progetto,2026,"Gropello Cairoli (PV), località Marone, Settore Panzarasa",Museo Archeologico Nazionale della Lomellina,"Documentazione fotografica realizzata nel 2026 nell'ambito del progetto, appositamente per la documentazione dei corredi.",1 immagine digitale,Gropello Cairoli; località Marone; Settore Panzarasa; scavi archeologici; necropoli; corredo funerario; reperti archeologici; Davide Pace; corredo,Nuovo soggettario BNCF; Getty Art & Architecture Thesaurus (AAT); ICCD - normative e vocabolari catalografici,"Fusaiola in argilla di forma biconica, selezionata anche per la digitalizzazione 3D. Fotografia realizzata nel 2026 nell'ambito del progetto, appositamente per la documentazione dei corredi.",&copy; Direzione regionale Musei Nazionali Lombardia - Museo Archeologico Nazionale della Lomellina; CC BY-NC 4.0 https://creativecommons.org/licenses/by-nc/4.0/,https://creativecommons.org/licenses/by-nc/4.0/,Museo Archeologico Nazionale della Lomellina,Documentare l'invisibile,/exhibits/documentare-invisibile/,62,pace_item,pace,/assets/images/nucleo-3/corredo/7338_R.jpg,/assets/images/nucleo-3/corredo/7338_R.jpg,"","","",""
davide-pace-b05-f139,nucleo3-giornale-scavo-b5-f139,"Giornale di scavo e documentazione, b. 5, fasc. 139","Giornale di scavo e documentazione del fascicolo b. 5, fasc. 139, località Marone, settore Panzarasa.",giornale di scavo,text,Davide Pace,27 gennaio 1961,"Gropello Cairoli (PV), località Marone, Settore Panzarasa",Archivio Davide Pace,"Archivio Davide Pace, b. 5, fasc. 139, doc. 1-4",6 immagini digitali,Gropello Cairoli; località Marone; Settore Panzarasa; scavi archeologici; Davide Pace,Nuovo soggettario BNCF; Getty Art & Architecture Thesaurus (AAT); ICCD - normative e vocabolari catalografici,"Giornale di scavo e annotazioni tecniche dell'Archivio Davide Pace, con dati sul rinvenimento, sulla disposizione dei materiali e sulle osservazioni effettuate nel contesto di Gropello Cairoli (PV), località Marone, Settore Panzarasa.",&copy; Direzione regionale Musei Nazionali Lombardia - Museo Archeologico Nazionale della Lomellina; CC BY-NC 4.0 https://creativecommons.org/licenses/by-nc/4.0/,https://creativecommons.org/licenses/by-nc/4.0/,Museo Archeologico Nazionale della Lomellina,Documentare l'invisibile,/exhibits/documentare-invisibile/,"",pace_iiif_item,pace,"/img/derivatives/iiif/images/nucleo3-giornale-scavo-b5-f139-ud001-r/full/250,/0/default.jpg","/img/derivatives/iiif/images/nucleo3-giornale-scavo-b5-f139-ud001-r/full/1140,/0/default.jpg",/img/derivatives/iiif/davide-pace-b05-f139/manifest.json,"","",""
davide-pace-b05-f140-manoscritti,nucleo3-manoscritti-b5-f140,"Documentazione manoscritta e grafica dello scavo, b. 5, fasc. 140","Documentazione manoscritta e grafica dello scavo, b. 5, fasc. 140",giornale di scavo,text,Davide Pace,27 gennaio 1961,"Gropello Cairoli (PV), località Marone, Settore Panzarasa",Archivio Davide Pace,"Archivio Davide Pace, b. 5, fasc. 140, doc. 4-25",35 immagini digitali,Gropello Cairoli; località Marone; Settore Panzarasa; scavi archeologici; Davide Pace,Nuovo soggettario BNCF; Getty Art & Architecture Thesaurus (AAT); ICCD - normative e vocabolari catalografici,"Giornale di scavo e annotazioni tecniche dell'Archivio Davide Pace, con dati sul rinvenimento, sulla disposizione dei materiali e sulle osservazioni effettuate nel contesto di Gropello Cairoli (PV), località Marone, Settore Panzarasa.",&copy; Direzione regionale Musei Nazionali Lombardia - Museo Archeologico Nazionale della Lomellina; CC BY-NC 4.0 https://creativecommons.org/licenses/by-nc/4.0/,https://creativecommons.org/licenses/by-nc/4.0/,Museo Archeologico Nazionale della Lomellina,Documentare l'invisibile,/exhibits/documentare-invisibile/,"",pace_iiif_item,pace,"/img/derivatives/iiif/images/nucleo3-manoscritti-b5-f140-doc4-r/full/250,/0/default.jpg","/img/derivatives/iiif/images/nucleo3-manoscritti-b5-f140-doc4-r/full/1140,/0/default.jpg",/img/derivatives/iiif/davide-pace-b05-f140-manoscritti/manifest.json,"","",""
manlo-n-inv-7340,nucleo3-moneta-7340,Moneta n. inv. 7340,Moneta bronzea dalla Tomba VIII della necropoli del Marone.,documentazione fotografica,image,Documentazione fotografica di progetto,2026,"Gropello Cairoli (PV), località Marone, Settore Panzarasa",Museo Archeologico Nazionale della Lomellina,"Documentazione fotografica realizzata nel 2026 nell'ambito del progetto, appositamente per la documentazione dei corredi.",1 immagine digitale,Gropello Cairoli; località Marone; Settore Panzarasa; scavi archeologici; necropoli; corredo funerario; reperti archeologici; Davide Pace; corredo,Nuovo soggettario BNCF; Getty Art & Architecture Thesaurus (AAT); ICCD - normative e vocabolari catalografici,"Asse sestantale romano con Giano bifronte e prua di nave. Fotografia realizzata nel 2026 nell'ambito del progetto, appositamente per la documentazione dei corredi.",&copy; Direzione regionale Musei Nazionali Lombardia - Museo Archeologico Nazionale della Lomellina; CC BY-NC 4.0 https://creativecommons.org/licenses/by-nc/4.0/,https://creativecommons.org/licenses/by-nc/4.0/,Museo Archeologico Nazionale della Lomellina,Documentare l'invisibile,/exhibits/documentare-invisibile/,66,pace_item,pace,/assets/images/nucleo-3/corredo/7340_R.jpg,/assets/images/nucleo-3/corredo/7340_R.jpg,"","","",""
davide-pace-b05-f140-negativi-positivi,nucleo3-negativi-positivi-b5-f140,"Negativi trasformati in positivo dello scavo, b. 5, fasc. 140","Negativi trasformati in positivo dello scavo, b. 5, fasc. 140",giornale di scavo,text,Davide Pace,27 gennaio 1961,"Gropello Cairoli (PV), località Marone, Settore Panzarasa",Archivio Davide Pace,"Archivio Davide Pace, b. 5, fasc. 140, doc. 3",2 immagini digitali,Gropello Cairoli; località Marone; Settore Panzarasa; scavi archeologici; Davide Pace,Nuovo soggettario BNCF; Getty Art & Architecture Thesaurus (AAT); ICCD - normative e vocabolari catalografici,"Giornale di scavo e annotazioni tecniche dell'Archivio Davide Pace, con dati sul rinvenimento, sulla disposizione dei materiali e sulle osservazioni effettuate nel contesto di Gropello Cairoli (PV), località Marone, Settore Panzarasa.",&copy; Direzione regionale Musei Nazionali Lombardia - Museo Archeologico Nazionale della Lomellina; CC BY-NC 4.0 https://creativecommons.org/licenses/by-nc/4.0/,https://creativecommons.org/licenses/by-nc/4.0/,Museo Archeologico Nazionale della Lomellina,Documentare l'invisibile,/exhibits/documentare-invisibile/,900,pace_iiif_item,pace,"/img/derivatives/iiif/images/nucleo3-negativi-positivi-b5-f140-doc3-fot02-pos/full/250,/0/default.jpg","/img/derivatives/iiif/images/nucleo3-negativi-positivi-b5-f140-doc3-fot02-pos/full/1140,/0/default.jpg",/img/derivatives/iiif/davide-pace-b05-f140-negativi-positivi/manifest.json,"","",""
manlo-n-inv-7336,nucleo3-olla-7336,Olla n. inv. 7336,Olla in ceramica comune dalla Tomba VIII della necropoli del Marone.,documentazione fotografica,image,Documentazione fotografica di progetto,2026,"Gropello Cairoli (PV), località Marone, Settore Panzarasa",Museo Archeologico Nazionale della Lomellina,"Documentazione fotografica realizzata nel 2026 nell'ambito del progetto, appositamente per la documentazione dei corredi.",1 immagine digitale,Gropello Cairoli; località Marone; Settore Panzarasa; scavi archeologici; necropoli; corredo funerario; Davide Pace; corredo,Nuovo soggettario BNCF; Getty Art & Architecture Thesaurus (AAT); ICCD - normative e vocabolari catalografici,"Olla in ceramica comune, corpo ovoide-globulare, proveniente dal corredo della Tomba VIII. Fotografia realizzata nel 2026 nell'ambito del progetto, appositamente per la documentazione dei corredi.",&copy; Direzione regionale Musei Nazionali Lombardia - Museo Archeologico Nazionale della Lomellina; CC BY-NC 4.0 https://creativecommons.org/licenses/by-nc/4.0/,https://creativecommons.org/licenses/by-nc/4.0/,Museo Archeologico Nazionale della Lomellina,Documentare l'invisibile,/exhibits/documentare-invisibile/,60,pace_item,pace,/assets/images/nucleo-3/corredo/7336.jpg,/assets/images/nucleo-3/corredo/7336.jpg,"","","",""
manlo-n-inv-7335,nucleo3-patera-7335,Patera n. inv. 7335,Patera a vernice nera dalla Tomba VIII della necropoli del Marone.,documentazione fotografica,image,Documentazione fotografica di progetto,2026,"Gropello Cairoli (PV), località Marone, Settore Panzarasa",Museo Archeologico Nazionale della Lomellina,"Documentazione fotografica realizzata nel 2026 nell'ambito del progetto, appositamente per la documentazione dei corredi.",1 immagine digitale,Gropello Cairoli; località Marone; Settore Panzarasa; scavi archeologici; necropoli; corredo funerario; reperti archeologici; Davide Pace; corredo,Nuovo soggettario BNCF; Getty Art & Architecture Thesaurus (AAT); ICCD - normative e vocabolari catalografici,"Patera a vernice nera, forma Lamboglia 5/7, con bollo M. Coeli. Fotografia realizzata nel 2026 nell'ambito del progetto, appositamente per la documentazione dei corredi.",&copy; Direzione regionale Musei Nazionali Lombardia - Museo Archeologico Nazionale della Lomellina; CC BY-NC 4.0 https://creativecommons.org/licenses/by-nc/4.0/,https://creativecommons.org/licenses/by-nc/4.0/,Museo Archeologico Nazionale della Lomellina,Documentare l'invisibile,/exhibits/documentare-invisibile/,61,pace_item,pace,/assets/images/nucleo-3/corredo/7335_R.jpg,/assets/images/nucleo-3/corredo/7335_R.jpg,"","","",""
davide-pace-b06-f145-archivio-01,tomba-archivio-01,Fascicolo archivistico sulla Tomba dell'abbraccio,Carta d'archivio collegata alla Tomba dell'abbraccio,fascicolo archivistico,text,Davide Pace,1955,"Gropello Cairoli (PV), località Frascate, vigna Garaldi",Archivio Davide Pace,"Archivio Davide Pace, b. 6, fasc. 145",1 immagine digitale,Gropello Cairoli; località Frascate; necropoli; Davide Pace,Nuovo soggettario BNCF; Getty Art & Architecture Thesaurus (AAT); ICCD - normative e vocabolari catalografici,Carta d'archivio collegata alla Tomba dell'abbraccio,&copy; Direzione regionale Musei Nazionali Lombardia - Museo Archeologico Nazionale della Lomellina; CC BY-NC 4.0 https://creativecommons.org/licenses/by-nc/4.0/,https://creativecommons.org/licenses/by-nc/4.0/,Museo Archeologico Nazionale della Lomellina,La tomba dell'abbraccio,/exhibits/tomba-abbraccio/,10,pace_item,pace,/assets/images/tomba-abbraccio/archivio/FDP_B06_F145_UD001_MASTER_R.jpg,/assets/images/tomba-abbraccio/archivio/FDP_B06_F145_UD001_MASTER_R.jpg,"","","",""
davide-pace-b06-f145-archivio-02,tomba-archivio-02,Disegno o appunto sulla Tomba dell'abbraccio,Disegno o appunto che documenta il contesto di deposizione,documentazione grafica,image,Davide Pace,1955,"Gropello Cairoli (PV), località Frascate, vigna Garaldi",Archivio Davide Pace,"Archivio Davide Pace, b. 6, fasc. 145",1 immagine digitale,Gropello Cairoli; località Frascate; necropoli; rilievi archeologici; Davide Pace,Nuovo soggettario BNCF; Getty Art & Architecture Thesaurus (AAT); ICCD - normative e vocabolari catalografici,Disegno o appunto che documenta il contesto di deposizione,&copy; Direzione regionale Musei Nazionali Lombardia - Museo Archeologico Nazionale della Lomellina; CC BY-NC 4.0 https://creativecommons.org/licenses/by-nc/4.0/,https://creativecommons.org/licenses/by-nc/4.0/,Museo Archeologico Nazionale della Lomellina,La tomba dell'abbraccio,/exhibits/tomba-abbraccio/,11,pace_item,pace,/assets/images/tomba-abbraccio/archivio/FDP_B06_F145_UD005_MASTER_R.jpg,/assets/images/tomba-abbraccio/archivio/FDP_B06_F145_UD005_MASTER_R.jpg,"",/pace/tomba-schizzo-deposizione-b06-f145-ud005/,true,true
manlo-n-inv-13305,tomba-balsamario-13305,Balsamario n. inv. 13305,Balsamario vitreo dal corredo della Tomba dell'abbraccio,documentazione fotografica,image,Documentazione fotografica di progetto,2026,"Gropello Cairoli (PV), località Frascate, vigna Garaldi",Museo Archeologico Nazionale della Lomellina,"Documentazione fotografica realizzata nel 2026 nell'ambito del progetto, appositamente per la documentazione dei corredi.",1 immagine digitale,Gropello Cairoli; località Frascate; necropoli; corredo funerario; reperti archeologici; Davide Pace; corredo,Nuovo soggettario BNCF; Getty Art & Architecture Thesaurus (AAT); ICCD - normative e vocabolari catalografici,"Vetro ? corpo piriforme Fotografia realizzata nel 2026 nell'ambito del progetto, appositamente per la documentazione dei corredi.",&copy; Direzione regionale Musei Nazionali Lombardia - Museo Archeologico Nazionale della Lomellina; CC BY-NC 4.0 https://creativecommons.org/licenses/by-nc/4.0/,https://creativecommons.org/licenses/by-nc/4.0/,Museo Archeologico Nazionale della Lomellina,La tomba dell'abbraccio,/exhibits/tomba-abbraccio/,20,pace_item,pace,/assets/images/tomba-abbraccio/corredo/13305.jpg,/assets/images/tomba-abbraccio/corredo/13305.jpg,"","","",""
davide-pace-b06-f146-ud002,tomba-balsamario-archivio-b06-f146-ud002,"Balsamario vitreo a forma di colomba, b. 6, fasc. 146, doc. 2",Fotografia d'archivio del balsamario vitreo a forma di colomba dal corredo della Tomba dell'abbraccio.,documentazione fotografica,image,Davide Pace,1955,"Gropello Cairoli (PV), località Frascate, vigna Garaldi",Archivio Davide Pace,"Archivio Davide Pace, b. 6, fasc. 146, doc. 2",1 immagine digitale,Gropello Cairoli; località Frascate; necropoli; corredo funerario; reperti archeologici; Davide Pace; corredo,Nuovo soggettario BNCF; Getty Art & Architecture Thesaurus (AAT); ICCD - normative e vocabolari catalografici,"Fondo Pace, b. 6, fasc. 146, doc. 2.",&copy; Direzione regionale Musei Nazionali Lombardia - Museo Archeologico Nazionale della Lomellina; CC BY-NC 4.0 https://creativecommons.org/licenses/by-nc/4.0/,https://creativecommons.org/licenses/by-nc/4.0/,Museo Archeologico Nazionale della Lomellina,La tomba dell'abbraccio,/exhibits/tomba-abbraccio/,"",pace_iiif_item,pace,"/img/derivatives/iiif/images/tomba-balsamario-archivio-b06-f146-ud002/full/250,/0/default.jpg","/img/derivatives/iiif/images/tomba-balsamario-archivio-b06-f146-ud002/full/1140,/0/default.jpg",/img/derivatives/iiif/davide-pace-b06-f146-ud002/manifest.json,"","",""
manlo-n-inv-13303,tomba-coppa-13303,Coppa n. inv. 13303,Coppa a pareti sottili dal corredo della Tomba dell'abbraccio,documentazione fotografica,image,Documentazione fotografica di progetto,2026,"Gropello Cairoli (PV), località Frascate, vigna Garaldi",Museo Archeologico Nazionale della Lomellina,"Documentazione fotografica realizzata nel 2026 nell'ambito del progetto, appositamente per la documentazione dei corredi.",1 immagine digitale,Gropello Cairoli; località Frascate; necropoli; corredo funerario; reperti archeologici; Davide Pace; corredo,Nuovo soggettario BNCF; Getty Art & Architecture Thesaurus (AAT); ICCD - normative e vocabolari catalografici,"Ceramica fine ? pareti sottili, argilla grigia Fotografia realizzata nel 2026 nell'ambito del progetto, appositamente per la documentazione dei corredi.",&copy; Direzione regionale Musei Nazionali Lombardia - Museo Archeologico Nazionale della Lomellina; CC BY-NC 4.0 https://creativecommons.org/licenses/by-nc/4.0/,https://creativecommons.org/licenses/by-nc/4.0/,Museo Archeologico Nazionale della Lomellina,La tomba dell'abbraccio,/exhibits/tomba-abbraccio/,14,pace_item,pace,/assets/images/tomba-abbraccio/corredo/13303.jpg,/assets/images/tomba-abbraccio/corredo/13303.jpg,"","","",""
manlo-n-inv-13311,tomba-coppa-13311,Coppa n. inv. 13311,Coppa in ceramica fine dal corredo della Tomba dell'abbraccio,documentazione fotografica,image,Documentazione fotografica di progetto,2026,"Gropello Cairoli (PV), localit? Frascate, vigna Garaldi",Museo Archeologico Nazionale della Lomellina,"Documentazione fotografica realizzata nel 2026 nell'ambito del progetto, appositamente per la documentazione dei corredi.",1 immagine digitale,Gropello Cairoli; localit? Frascate; necropoli; corredo funerario; reperti archeologici; Davide Pace; corredo,Nuovo soggettario BNCF; Getty Art & Architecture Thesaurus (AAT); ICCD - normative e vocabolari catalografici,"Ceramica fine, argilla grigia. Reperto presente nella scheda del corredo ma senza fotografia pubblicabile in collezione.",&copy; Direzione regionale Musei Nazionali Lombardia - Museo Archeologico Nazionale della Lomellina; CC BY-NC 4.0 https://creativecommons.org/licenses/by-nc/4.0/,https://creativecommons.org/licenses/by-nc/4.0/,Museo Archeologico Nazionale della Lomellina,La tomba dell'abbraccio,/exhibits/tomba-abbraccio/,15,pace_item,pace,"","","","",true,true
fortunati-1979-fig02,tomba-corredo-fortunati-1979-fig-2,"Corredo della Tomba dell'abbraccio, Fortunati Zuccalà 1979, fig. 2",Riproduzione della figura pubblicata da Fortunati Zuccalà nel 1979 con il corredo della Tomba dell'abbraccio.,fonte bibliografica,image,M. Fortunati,1979,"Gropello Cairoli (PV), località Frascate, vigna Garaldi",Archivio Davide Pace,"Archivio Davide Pace, Fortunati Zuccalà, 1979, fig. 2",1 immagine digitale,Gropello Cairoli; località Frascate; necropoli; corredo funerario; reperti archeologici; Davide Pace; corredo; fonte bibliografica,Nuovo soggettario BNCF; Getty Art & Architecture Thesaurus (AAT); ICCD - normative e vocabolari catalografici,"Il corredo della Tomba dell’abbraccio nella pubblicazione di Fortunati Zuccalà, 1979, fig. 2.",&copy; Direzione regionale Musei Nazionali Lombardia - Museo Archeologico Nazionale della Lomellina; CC BY-NC 4.0 https://creativecommons.org/licenses/by-nc/4.0/,https://creativecommons.org/licenses/by-nc/4.0/,Museo Archeologico Nazionale della Lomellina,La tomba dell'abbraccio,/exhibits/tomba-abbraccio/,20b,pace_iiif_item,pace,"/img/derivatives/iiif/images/tomba-corredo-fortunati-1979-fig-2/full/250,/0/default.jpg","/img/derivatives/iiif/images/tomba-corredo-fortunati-1979-fig-2/full/1140,/0/default.jpg",/img/derivatives/iiif/fortunati-1979-fig02/manifest.json,"","",""
davide-pace-b06-f145-dettaglio-01,tomba-dettaglio-01,Dettaglio della statuetta dell'abbraccio,Ripresa di dettaglio della statuetta fittile con due figure abbracciate.,documentazione fotografica,image,Davide Pace,s.d.,"Gropello Cairoli (PV), località Frascate, vigna Garaldi",Archivio Davide Pace,"Archivio Davide Pace, b. 6, fasc. 145",1 immagine digitale,Gropello Cairoli; località Frascate; necropoli; corredo funerario; reperti archeologici; Davide Pace; corredo,Nuovo soggettario BNCF; Getty Art & Architecture Thesaurus (AAT); ICCD - normative e vocabolari catalografici,"Ripresa digitale di dettaglio della statuetta fittile proveniente dalla Tomba dell'abbraccio, utile alla lettura dei particolari morfologici e dello stato di conservazione del reperto.",&copy; Direzione regionale Musei Nazionali Lombardia - Museo Archeologico Nazionale della Lomellina; CC BY-NC 4.0 https://creativecommons.org/licenses/by-nc/4.0/,https://creativecommons.org/licenses/by-nc/4.0/,Museo Archeologico Nazionale della Lomellina,La tomba dell'abbraccio,/exhibits/tomba-abbraccio/,04,pace_item,pace,/assets/images/tomba-abbraccio/corredo/6884.jpg,/assets/images/tomba-abbraccio/corredo/6884.jpg,"",/pace/tomba-statuetta-6884/,true,true
davide-pace-b06-f145-dettaglio-02,tomba-dettaglio-02,Dettaglio dei volti della statuetta,Ripresa di dettaglio dei volti delle figure abbracciate.,documentazione fotografica,image,Davide Pace,s.d.,"Gropello Cairoli (PV), località Frascate, vigna Garaldi",Archivio Davide Pace,"Archivio Davide Pace, b. 6, fasc. 145",1 immagine digitale,Gropello Cairoli; località Frascate; necropoli; corredo funerario; reperti archeologici; Davide Pace; corredo,Nuovo soggettario BNCF; Getty Art & Architecture Thesaurus (AAT); ICCD - normative e vocabolari catalografici,"Ripresa digitale ravvicinata dei volti della statuetta fittile con due figure abbracciate, collegata alla documentazione del corredo della Tomba dell'abbraccio.",&copy; Direzione regionale Musei Nazionali Lombardia - Museo Archeologico Nazionale della Lomellina; CC BY-NC 4.0 https://creativecommons.org/licenses/by-nc/4.0/,https://creativecommons.org/licenses/by-nc/4.0/,Museo Archeologico Nazionale della Lomellina,La tomba dell'abbraccio,/exhibits/tomba-abbraccio/,05,pace_item,pace,/assets/images/tomba-abbraccio/corredo/6884.jpg,/assets/images/tomba-abbraccio/corredo/6884.jpg,"",/pace/tomba-statuetta-6884/,true,true
manlo-tomba-abbraccio-documentazione-attuale,tomba-documentazione-attuale,Documentazione attuale della statuetta,Ripresa attuale della statuetta fittile della Tomba dell'abbraccio.,documentazione fotografica,image,Davide Pace,s.d.,"Gropello Cairoli (PV), località Frascate, vigna Garaldi",Archivio Davide Pace,"Archivio Davide Pace, b. 6, fasc. 145",1 immagine digitale,Gropello Cairoli; località Frascate; necropoli; corredo funerario; reperti archeologici; allestimenti museali; Davide Pace; corredo,Nuovo soggettario BNCF; Getty Art & Architecture Thesaurus (AAT); ICCD - normative e vocabolari catalografici,"Documentazione digitale attuale della statuetta fittile con due figure abbracciate, realizzata per collegare il reperto conservato in museo alla documentazione archivistica del Fondo Pace.",&copy; Direzione regionale Musei Nazionali Lombardia - Museo Archeologico Nazionale della Lomellina; CC BY-NC 4.0 https://creativecommons.org/licenses/by-nc/4.0/,https://creativecommons.org/licenses/by-nc/4.0/,Museo Archeologico Nazionale della Lomellina,La tomba dell'abbraccio,/exhibits/tomba-abbraccio/,09,pace_item,pace,/assets/images/tomba-abbraccio/corredo/6884.jpg,/assets/images/tomba-abbraccio/corredo/6884.jpg,"",/pace/tomba-statuetta-6884/,true,true
davide-pace-b06-f146,tomba-fascicolo-corredo-b06-f146,"Fascicolo della Tomba dell'abbraccio, b. 6, fasc. 146","Sequenza IIIF delle carte del fascicolo relativo alla Tomba dell'abbraccio, con annotazioni descrittive e inventariali sui reperti del corredo.",fascicolo archivistico,text,Davide Pace,1955,"Gropello Cairoli (PV), località Frascate, vigna Garaldi",Archivio Davide Pace,"Archivio Davide Pace, b. 6, fasc. 146",15 immagini digitali,Gropello Cairoli; località Frascate; necropoli; corredo funerario; Davide Pace; corredo,Nuovo soggettario BNCF; Getty Art & Architecture Thesaurus (AAT); ICCD - normative e vocabolari catalografici,"Appunti manoscritti, fascicolo della Tomba dell’abbraccio, vigna Garaldi, località Frascate. Fondo Pace, Davide, b. 6, fasc. 146, doc. 4-16.",&copy; Direzione regionale Musei Nazionali Lombardia - Museo Archeologico Nazionale della Lomellina; CC BY-NC 4.0 https://creativecommons.org/licenses/by-nc/4.0/,https://creativecommons.org/licenses/by-nc/4.0/,Museo Archeologico Nazionale della Lomellina,La tomba dell'abbraccio,/exhibits/tomba-abbraccio/,"",pace_iiif_item,pace,"/img/derivatives/iiif/images/tomba-fascicolo-corredo-b06-f146-ud004-r/full/250,/0/default.jpg","/img/derivatives/iiif/images/tomba-fascicolo-corredo-b06-f146-ud004-r/full/1140,/0/default.jpg",/img/derivatives/iiif/davide-pace-b06-f146/manifest.json,"","",""
davide-pace-b06-f145-foto-01,tomba-foto-storica-01,Fotografia storica della Tomba dell'abbraccio,Fotografia storica realizzata da Davide Pace,documentazione fotografica,image,Davide Pace,1955,"Gropello Cairoli (PV), località Frascate, vigna Garaldi",Archivio Davide Pace,"Archivio Davide Pace, b. 6, fasc. 145",1 immagine digitale,Gropello Cairoli; località Frascate; necropoli; Davide Pace,Nuovo soggettario BNCF; Getty Art & Architecture Thesaurus (AAT); ICCD - normative e vocabolari catalografici,Fotografia storica realizzata da Davide Pace,&copy; Direzione regionale Musei Nazionali Lombardia - Museo Archeologico Nazionale della Lomellina; CC BY-NC 4.0 https://creativecommons.org/licenses/by-nc/4.0/,https://creativecommons.org/licenses/by-nc/4.0/,Museo Archeologico Nazionale della Lomellina,La tomba dell'abbraccio,/exhibits/tomba-abbraccio/,07,pace_item,pace,/assets/images/tomba-abbraccio/archivio/FDP_B06_F145_UD001_MASTER_R.jpg,/assets/images/tomba-abbraccio/archivio/FDP_B06_F145_UD001_MASTER_R.jpg,"","","",""
davide-pace-b06-f145-foto-02,tomba-foto-storica-02,Documentazione fotografica del contesto,Fotografia d'archivio collegata al contesto della deposizione,documentazione fotografica,image,Davide Pace,s.d.,"Gropello Cairoli (PV), località Frascate, vigna Garaldi",Archivio Davide Pace,"Archivio Davide Pace, b. 6, fasc. 145",1 immagine digitale,località Frascate; necropoli; Davide Pace,Nuovo soggettario BNCF; Getty Art & Architecture Thesaurus (AAT); ICCD - normative e vocabolari catalografici,Fotografia d'archivio collegata al contesto della deposizione,&copy; Direzione regionale Musei Nazionali Lombardia - Museo Archeologico Nazionale della Lomellina; CC BY-NC 4.0 https://creativecommons.org/licenses/by-nc/4.0/,https://creativecommons.org/licenses/by-nc/4.0/,Museo Archeologico Nazionale della Lomellina,La tomba dell'abbraccio,/exhibits/tomba-abbraccio/,08,pace_item,pace,/assets/images/tomba-abbraccio/archivio/FDP_B06_F145_UD005_MASTER_R.jpg,/assets/images/tomba-abbraccio/archivio/FDP_B06_F145_UD005_MASTER_R.jpg,"",/pace/tomba-schizzo-deposizione-b06-f145-ud005/,true,true
manlo-n-inv-13313,tomba-lucerna-13313,Lucerna n. inv. 13313,Lucerna tipo Dressel 9 dal corredo della Tomba dell'abbraccio,documentazione fotografica,image,Documentazione fotografica di progetto,2026,"Gropello Cairoli (PV), località Frascate, vigna Garaldi",Museo Archeologico Nazionale della Lomellina,"Documentazione fotografica realizzata nel 2026 nell'ambito del progetto, appositamente per la documentazione dei corredi.",1 immagine digitale,Gropello Cairoli; località Frascate; necropoli; corredo funerario; reperti archeologici; Davide Pace; corredo,Nuovo soggettario BNCF; Getty Art & Architecture Thesaurus (AAT); ICCD - normative e vocabolari catalografici,"Illuminazione ? tipo Dressel 9 Fotografia realizzata nel 2026 nell'ambito del progetto, appositamente per la documentazione dei corredi.",&copy; Direzione regionale Musei Nazionali Lombardia - Museo Archeologico Nazionale della Lomellina; CC BY-NC 4.0 https://creativecommons.org/licenses/by-nc/4.0/,https://creativecommons.org/licenses/by-nc/4.0/,Museo Archeologico Nazionale della Lomellina,La tomba dell'abbraccio,/exhibits/tomba-abbraccio/,16,pace_item,pace,/assets/images/tomba-abbraccio/corredo/13313_R.jpg,/assets/images/tomba-abbraccio/corredo/13313_R.jpg,"","","",""
davide-pace-b06-f145-manoscritto-01,tomba-manoscritto-01,Manoscritto relativo alla scoperta,Documento relativo alla scoperta della Tomba dell'abbraccio,fascicolo archivistico,text,Davide Pace,1955,"Gropello Cairoli (PV), località Frascate, vigna Garaldi",Archivio Davide Pace,"Archivio Davide Pace, b. 6, fasc. 145",1 immagine digitale,Gropello Cairoli; località Frascate; necropoli; Davide Pace,Nuovo soggettario BNCF; Getty Art & Architecture Thesaurus (AAT); ICCD - normative e vocabolari catalografici,Documento relativo alla scoperta della Tomba dell'abbraccio,&copy; Direzione regionale Musei Nazionali Lombardia - Museo Archeologico Nazionale della Lomellina; CC BY-NC 4.0 https://creativecommons.org/licenses/by-nc/4.0/,https://creativecommons.org/licenses/by-nc/4.0/,Museo Archeologico Nazionale della Lomellina,La tomba dell'abbraccio,/exhibits/tomba-abbraccio/,01,pace_item,pace,/assets/images/tomba-abbraccio/archivio/FDP_B06_F145_UD005_MASTER_R.jpg,/assets/images/tomba-abbraccio/archivio/FDP_B06_F145_UD005_MASTER_R.jpg,"",/pace/tomba-schizzo-deposizione-b06-f145-ud005/,true,true
davide-pace-b06-f145-manoscritto-02,tomba-manoscritto-02,Appunti di scavo,Appunti collegati alle indagini nella vigna Garaldi,fascicolo archivistico,text,Davide Pace,1955,"Gropello Cairoli (PV), località Frascate, vigna Garaldi",Archivio Davide Pace,"Archivio Davide Pace, b. 6, fasc. 145",1 immagine digitale,località Frascate; scavi archeologici; necropoli; Davide Pace,Nuovo soggettario BNCF; Getty Art & Architecture Thesaurus (AAT); ICCD - normative e vocabolari catalografici,Appunti collegati alle indagini nella vigna Garaldi,&copy; Direzione regionale Musei Nazionali Lombardia - Museo Archeologico Nazionale della Lomellina; CC BY-NC 4.0 https://creativecommons.org/licenses/by-nc/4.0/,https://creativecommons.org/licenses/by-nc/4.0/,Museo Archeologico Nazionale della Lomellina,La tomba dell'abbraccio,/exhibits/tomba-abbraccio/,02,pace_item,pace,/assets/images/tomba-abbraccio/archivio/FDP_B06_F146_UD005_R_ME.jpg,/assets/images/tomba-abbraccio/archivio/FDP_B06_F146_UD005_R_ME.jpg,"","","",""
manlo-n-inv-13300,tomba-olpe-13300,Olpe n. inv. 13300,Olpe in ceramica comune dal corredo della Tomba dell'abbraccio,documentazione fotografica,image,Documentazione fotografica di progetto,2026,"Gropello Cairoli (PV), località Frascate, vigna Garaldi",Museo Archeologico Nazionale della Lomellina,"Documentazione fotografica realizzata nel 2026 nell'ambito del progetto, appositamente per la documentazione dei corredi.",1 immagine digitale,Gropello Cairoli; località Frascate; necropoli; corredo funerario; reperti archeologici; Davide Pace; corredo,Nuovo soggettario BNCF; Getty Art & Architecture Thesaurus (AAT); ICCD - normative e vocabolari catalografici,"Ceramica comune ? argilla giallo-arancio con inclusi micacei Fotografia realizzata nel 2026 nell'ambito del progetto, appositamente per la documentazione dei corredi.",&copy; Direzione regionale Musei Nazionali Lombardia - Museo Archeologico Nazionale della Lomellina; CC BY-NC 4.0 https://creativecommons.org/licenses/by-nc/4.0/,https://creativecommons.org/licenses/by-nc/4.0/,Museo Archeologico Nazionale della Lomellina,La tomba dell'abbraccio,/exhibits/tomba-abbraccio/,12,pace_item,pace,/assets/images/tomba-abbraccio/corredo/13300.jpg,/assets/images/tomba-abbraccio/corredo/13300.jpg,"","","",""
manlo-n-inv-13308,tomba-olpe-13308,Olpe n. inv. 13308,Olpe in ceramica comune dal corredo della Tomba dell'abbraccio,documentazione fotografica,image,Documentazione fotografica di progetto,2026,"Gropello Cairoli (PV), località Frascate, vigna Garaldi",Museo Archeologico Nazionale della Lomellina,"Documentazione fotografica realizzata nel 2026 nell'ambito del progetto, appositamente per la documentazione dei corredi.",1 immagine digitale,Gropello Cairoli; località Frascate; necropoli; corredo funerario; reperti archeologici; Davide Pace; corredo,Nuovo soggettario BNCF; Getty Art & Architecture Thesaurus (AAT); ICCD - normative e vocabolari catalografici,"Ceramica comune ? argilla giallo-arancio Fotografia realizzata nel 2026 nell'ambito del progetto, appositamente per la documentazione dei corredi.",&copy; Direzione regionale Musei Nazionali Lombardia - Museo Archeologico Nazionale della Lomellina; CC BY-NC 4.0 https://creativecommons.org/licenses/by-nc/4.0/,https://creativecommons.org/licenses/by-nc/4.0/,Museo Archeologico Nazionale della Lomellina,La tomba dell'abbraccio,/exhibits/tomba-abbraccio/,13,pace_item,pace,/assets/images/tomba-abbraccio/corredo/13308.jpg,/assets/images/tomba-abbraccio/corredo/13308.jpg,"","","",""
manlo-n-inv-15685,tomba-patera-15685,Patera n. inv. 15685,Patera a vernice nera con bollo MCOELI,documentazione fotografica,image,Documentazione fotografica di progetto,2026,"Gropello Cairoli (PV), località Frascate, vigna Garaldi",Museo Archeologico Nazionale della Lomellina,"Documentazione fotografica realizzata nel 2026 nell'ambito del progetto, appositamente per la documentazione dei corredi.",1 immagine digitale,località Frascate; necropoli; corredo funerario; reperti archeologici; Davide Pace; corredo,Nuovo soggettario BNCF; Getty Art & Architecture Thesaurus (AAT); ICCD - normative e vocabolari catalografici,"Ceramica fine ? vernice nera, bollo MCOELI Fotografia realizzata nel 2026 nell'ambito del progetto, appositamente per la documentazione dei corredi.",&copy; Direzione regionale Musei Nazionali Lombardia - Museo Archeologico Nazionale della Lomellina; CC BY-NC 4.0 https://creativecommons.org/licenses/by-nc/4.0/,https://creativecommons.org/licenses/by-nc/4.0/,Museo Archeologico Nazionale della Lomellina,La tomba dell'abbraccio,/exhibits/tomba-abbraccio/,18,pace_item,pace,/assets/images/tomba-abbraccio/corredo/15685_R.jpg,/assets/images/tomba-abbraccio/corredo/15685_R.jpg,"","","",""
davide-pace-b06-f145,tomba-relazione-pace-b06-f145,Relazione di Davide Pace sulla Tomba dell'abbraccio,Sequenza IIIF delle doc. 1-13 relative alla relazione di Davide Pace sulla scoperta e sulle indagini della Tomba dell'abbraccio.,relazione dattiloscritta,text,Davide Pace,1955,"Gropello Cairoli (PV), località Frascate, vigna Garaldi",Archivio Davide Pace,"Archivio Davide Pace, b. 6, fasc. 145",13 immagini digitali,Gropello Cairoli; località Frascate; scavi archeologici; necropoli; Davide Pace,Nuovo soggettario BNCF; Getty Art & Architecture Thesaurus (AAT); ICCD - normative e vocabolari catalografici,Sequenza IIIF delle doc. 1-13 relative alla relazione di Davide Pace sulla scoperta e sulle indagini della Tomba dell'abbraccio.,© Direzione regionale Musei Nazionali Lombardia - Museo Archeologico Nazionale della Lomellina; CC BY-NC 4.0 https://creativecommons.org/licenses/by-nc/4.0/,https://creativecommons.org/licenses/by-nc/4.0/,Museo Archeologico Nazionale della Lomellina,La tomba dell'abbraccio,/exhibits/tomba-abbraccio/,"",pace_iiif_item,pace,"/img/derivatives/iiif/images/tomba-relazione-pace-b06-f145-ud001/full/250,/0/default.jpg","/img/derivatives/iiif/images/tomba-relazione-pace-b06-f145-ud001/full/1140,/0/default.jpg",/img/derivatives/iiif/davide-pace-b06-f145/manifest.json,"","",""
davide-pace-b06-f148,tomba-relazione-pace-b06-f148,"Relazione di Davide Pace sulla Tomba dell'abbraccio, fasc. 148",Sequenza IIIF delle sei documenti relative alla relazione di Davide Pace sulla tomba della vigna Garaldi in località Frascate.,relazione dattiloscritta,text,Davide Pace,1955,"Gropello Cairoli (PV), località Frascate, vigna Garaldi",Archivio Davide Pace,"Archivio Davide Pace, b. 6, fasc. 148",6 immagini digitali,Gropello Cairoli; località Frascate; scavi archeologici; necropoli; Davide Pace,Nuovo soggettario BNCF; Getty Art & Architecture Thesaurus (AAT); ICCD - normative e vocabolari catalografici,"Relazione retrospettiva dattiloscritta di Davide Pace, scavi e rinvenimenti presso vigna Garaldi, località Frascate. Fondo Pace, Davide, b. 6, fasc. 148, doc. 1-6, 26/04/1957.",&copy; Direzione regionale Musei Nazionali Lombardia - Museo Archeologico Nazionale della Lomellina; CC BY-NC 4.0 https://creativecommons.org/licenses/by-nc/4.0/,https://creativecommons.org/licenses/by-nc/4.0/,Museo Archeologico Nazionale della Lomellina,La tomba dell'abbraccio,/exhibits/tomba-abbraccio/,"",pace_iiif_item,pace,"/img/derivatives/iiif/images/tomba-relazione-pace-b06-f148-ud001/full/250,/0/default.jpg","/img/derivatives/iiif/images/tomba-relazione-pace-b06-f148-ud001/full/1140,/0/default.jpg",/img/derivatives/iiif/davide-pace-b06-f148/manifest.json,"","",""
manlo-n-inv-6884-render-3d,tomba-render-3d,Render del modello 3D della statuetta,Vista digitale della statuetta fittile,documentazione fotografica,image,Museo Archeologico Nazionale della Lomellina,s.d.,"Gropello Cairoli (PV), località Frascate, vigna Garaldi",Archivio Davide Pace,"Archivio Davide Pace, documentazione collegata a n. inv. 6884",1 immagine digitale,località Frascate; necropoli; corredo funerario; reperti archeologici; fotogrammetria e modelli 3D; Davide Pace; corredo,Nuovo soggettario BNCF; Getty Art & Architecture Thesaurus (AAT); ICCD - normative e vocabolari catalografici,Vista digitale della statuetta fittile,&copy; Direzione regionale Musei Nazionali Lombardia - Museo Archeologico Nazionale della Lomellina; CC BY-NC 4.0 https://creativecommons.org/licenses/by-nc/4.0/,https://creativecommons.org/licenses/by-nc/4.0/,Museo Archeologico Nazionale della Lomellina,La tomba dell'abbraccio,/exhibits/tomba-abbraccio/,06,pace_item,pace,/assets/images/home/rete-relazioni-statuetta.jpg,/assets/images/home/rete-relazioni-statuetta.jpg,"","","",""
davide-pace-b06-f145-ud005,tomba-schizzo-deposizione-b06-f145-ud005,Schizzo della disposizione del corredo della Tomba dell'abbraccio,Schizzo della disposizione del corredo della Tomba dell'abbraccio,documentazione grafica,image,Davide Pace,1955,"Gropello Cairoli (PV), località Frascate, vigna Garaldi",Archivio Davide Pace,"Archivio Davide Pace, b. 6, fasc. 145, doc. 5",1 immagine digitale,Gropello Cairoli; località Frascate; necropoli; corredo funerario; rilievi archeologici; Davide Pace; corredo,Nuovo soggettario BNCF; Getty Art & Architecture Thesaurus (AAT); ICCD - normative e vocabolari catalografici,"Disegno abbozzato del corredo della Tomba dell'abbraccio, conservato nel fascicolo b. 6, fasc. 145; lo schizzo restituisce la disposizione dei reperti all'interno della sepoltura e supporta la ricostruzione del contesto di deposizione.",&copy; Direzione regionale Musei Nazionali Lombardia - Museo Archeologico Nazionale della Lomellina; CC BY-NC 4.0 https://creativecommons.org/licenses/by-nc/4.0/,https://creativecommons.org/licenses/by-nc/4.0/,Museo Archeologico Nazionale della Lomellina,La tomba dell'abbraccio,/exhibits/tomba-abbraccio/,"",pace_iiif_item,pace,"/img/derivatives/iiif/images/tomba-schizzo-deposizione-b06-f145-ud005/full/250,/0/default.jpg","/img/derivatives/iiif/images/tomba-schizzo-deposizione-b06-f145-ud005/full/1140,/0/default.jpg",/img/derivatives/iiif/davide-pace-b06-f145-ud005/manifest.json,"","",""
davide-pace-b06-f145-ud001,tomba-scoperta-b06-f145-ud001,"Relazione di Davide Pace sulla necropoli di Gropello, doc. 1","Primo documento della relazione sulla necropoli di Gropello, vigna Garaldi, località Frascate, con annotazioni su ricognizioni, scavi e reperti.",relazione dattiloscritta,text,Davide Pace,10 dicembre 1955,"Gropello Cairoli (PV), località Frascate, vigna Garaldi",Archivio Davide Pace,"Archivio Davide Pace, b. 6, fasc. 145, doc. 1",1 immagine digitale,Gropello Cairoli; località Frascate; scavi archeologici; necropoli; Davide Pace,Nuovo soggettario BNCF; Getty Art & Architecture Thesaurus (AAT); ICCD - normative e vocabolari catalografici,"Relazione dattiloscritta di Davide Pace relativa al primo rinvenimento presso vigna Garaldi, località Frascate, Fondo Pace, Davide, b. 6, fasc. 145, doc. 1, 10 dicembre 1955.",© Direzione regionale Musei Nazionali Lombardia - Museo Archeologico Nazionale della Lomellina; CC BY-NC 4.0 https://creativecommons.org/licenses/by-nc/4.0/,https://creativecommons.org/licenses/by-nc/4.0/,Museo Archeologico Nazionale della Lomellina,La tomba dell'abbraccio,/exhibits/tomba-abbraccio/,"",pace_iiif_item,pace,"/img/derivatives/iiif/images/tomba-scoperta-b06-f145-ud001/full/250,/0/default.jpg","/img/derivatives/iiif/images/tomba-scoperta-b06-f145-ud001/full/1140,/0/default.jpg",/img/derivatives/iiif/davide-pace-b06-f145-ud001/manifest.json,"","",""
manlo-n-inv-13312,tomba-specchio-13312,Specchio n. inv. 13312,Specchio in lega bronzo-argento dal corredo della Tomba dell'abbraccio,documentazione fotografica,image,Documentazione fotografica di progetto,2026,"Gropello Cairoli (PV), località Frascate, vigna Garaldi",Museo Archeologico Nazionale della Lomellina,"Documentazione fotografica realizzata nel 2026 nell'ambito del progetto, appositamente per la documentazione dei corredi.",1 immagine digitale,Gropello Cairoli; località Frascate; necropoli; corredo funerario; reperti archeologici; Davide Pace; corredo,Nuovo soggettario BNCF; Getty Art & Architecture Thesaurus (AAT); ICCD - normative e vocabolari catalografici,"Metallo ? lega bronzo-argento Fotografia realizzata nel 2026 nell'ambito del progetto, appositamente per la documentazione dei corredi.",&copy; Direzione regionale Musei Nazionali Lombardia - Museo Archeologico Nazionale della Lomellina; CC BY-NC 4.0 https://creativecommons.org/licenses/by-nc/4.0/,https://creativecommons.org/licenses/by-nc/4.0/,Museo Archeologico Nazionale della Lomellina,La tomba dell'abbraccio,/exhibits/tomba-abbraccio/,21,pace_item,pace,/assets/images/tomba-abbraccio/corredo/13312.jpg,/assets/images/tomba-abbraccio/corredo/13312.jpg,"","","",""
manlo-n-inv-6884,tomba-statuetta-6884,Statuetta n. inv. 6884,"Gruppo fittile con due figure abbracciate, esposto presso il Museo Archeologico Nazionale della Lomellina, sala 2, vetrina 18.",documentazione fotografica,image,Documentazione fotografica di progetto,2026,"Gropello Cairoli (PV), località Frascate, vigna Garaldi",Museo Archeologico Nazionale della Lomellina,"Documentazione fotografica realizzata nel 2026 nell'ambito del progetto, appositamente per la documentazione dei corredi.",1 immagine digitale,località Frascate; necropoli; corredo funerario; reperti archeologici; allestimenti museali; Davide Pace; corredo,Nuovo soggettario BNCF; Getty Art & Architecture Thesaurus (AAT); ICCD - normative e vocabolari catalografici,"Coroplastica ? due figure abbracciate Fotografia realizzata nel 2026 nell'ambito del progetto, appositamente per la documentazione dei corredi.",&copy; Direzione regionale Musei Nazionali Lombardia - Museo Archeologico Nazionale della Lomellina; CC BY-NC 4.0 https://creativecommons.org/licenses/by-nc/4.0/,https://creativecommons.org/licenses/by-nc/4.0/,Museo Archeologico Nazionale della Lomellina,La tomba dell'abbraccio,/exhibits/tomba-abbraccio/,17,pace_item,pace,/assets/images/tomba-abbraccio/corredo/6884.jpg,/assets/images/tomba-abbraccio/corredo/6884.jpg,"","","",""
davide-pace-b06-f146-ud003,tomba-statuetta-b06-f146-ud003,"Fotografia della statuetta dell'abbraccio, b. 6, fasc. 146, doc. 3",Fotografia d'archivio della statuetta fittile della Tomba dell'abbraccio.,documentazione fotografica,image,Davide Pace,1955,"Gropello Cairoli (PV), località Frascate, vigna Garaldi",Archivio Davide Pace,"Archivio Davide Pace, b. 6, fasc. 146, doc. 3",1 immagine digitale,Gropello Cairoli; località Frascate; necropoli; corredo funerario; reperti archeologici; Davide Pace; corredo,Nuovo soggettario BNCF; Getty Art & Architecture Thesaurus (AAT); ICCD - normative e vocabolari catalografici,"Ripresa fotografica in bianco e nero della statuetta raffigurante un uomo e una donna abbracciati, Fondo Pace, Davide, b. 6, fasc. 146, doc. 3.",&copy; Direzione regionale Musei Nazionali Lombardia - Museo Archeologico Nazionale della Lomellina; CC BY-NC 4.0 https://creativecommons.org/licenses/by-nc/4.0/,https://creativecommons.org/licenses/by-nc/4.0/,Museo Archeologico Nazionale della Lomellina,La tomba dell'abbraccio,/exhibits/tomba-abbraccio/,"",pace_iiif_item,pace,"/img/derivatives/iiif/images/tomba-statuetta-b06-f146-ud003/full/250,/0/default.jpg","/img/derivatives/iiif/images/tomba-statuetta-b06-f146-ud003/full/1140,/0/default.jpg",/img/derivatives/iiif/davide-pace-b06-f146-ud003/manifest.json,"","",""
manlo-n-inv-6884-documentazione,tomba-statuetta-full,Statuetta fittile con due figure abbracciate,Documentazione digitale della statuetta che dà nome al nucleo della Tomba dell'abbraccio.,documentazione fotografica,image,Davide Pace,s.d.,"Gropello Cairoli (PV), località Frascate, vigna Garaldi",Archivio Davide Pace,"Archivio Davide Pace, b. 6, fasc. 145",1 immagine digitale,Gropello Cairoli; località Frascate; necropoli; corredo funerario; reperti archeologici; Davide Pace; corredo,Nuovo soggettario BNCF; Getty Art & Architecture Thesaurus (AAT); ICCD - normative e vocabolari catalografici,"Riproduzione digitale della statuetta fittile con due figure abbracciate, presentata come reperto chiave per la ricostruzione del contesto funerario della Tomba dell'abbraccio.",&copy; Direzione regionale Musei Nazionali Lombardia - Museo Archeologico Nazionale della Lomellina; CC BY-NC 4.0 https://creativecommons.org/licenses/by-nc/4.0/,https://creativecommons.org/licenses/by-nc/4.0/,Museo Archeologico Nazionale della Lomellina,La tomba dell'abbraccio,/exhibits/tomba-abbraccio/,03,pace_item,pace,/assets/images/tomba-abbraccio/corredo/6884.jpg,/assets/images/tomba-abbraccio/corredo/6884.jpg,"",/pace/tomba-statuetta-6884/,true,true
manlo-n-inv-13304,tomba-unguentario-13304,Unguentario n. inv. 13304,"Unguentario vitreo a forma di colomba, esposto presso il Museo Archeologico Nazionale della Lomellina, sala 2, vetrina 16.",documentazione fotografica,image,Documentazione fotografica di progetto,2026,"Gropello Cairoli (PV), località Frascate, vigna Garaldi",Museo Archeologico Nazionale della Lomellina,"Documentazione fotografica realizzata nel 2026 nell'ambito del progetto, appositamente per la documentazione dei corredi.",1 immagine digitale,località Frascate; necropoli; corredo funerario; reperti archeologici; allestimenti museali; Davide Pace; corredo,Nuovo soggettario BNCF; Getty Art & Architecture Thesaurus (AAT); ICCD - normative e vocabolari catalografici,"Vetro ? forma di colomba Fotografia realizzata nel 2026 nell'ambito del progetto, appositamente per la documentazione dei corredi.",&copy; Direzione regionale Musei Nazionali Lombardia - Museo Archeologico Nazionale della Lomellina; CC BY-NC 4.0 https://creativecommons.org/licenses/by-nc/4.0/,https://creativecommons.org/licenses/by-nc/4.0/,Museo Archeologico Nazionale della Lomellina,La tomba dell'abbraccio,/exhibits/tomba-abbraccio/,19,pace_item,pace,/assets/images/tomba-abbraccio/corredo/13304.jpg,/assets/images/tomba-abbraccio/corredo/13304.jpg,"","","",""
tomba-vetrina-antiquarium-scat07-fasc186-ud001,tomba-vetrina-antiquarium-scat07-fasc186-ud001,"Vetrina storica dell'Antiquarium Lomellinum Antona, scat. 7, fasc. 186, doc. 1",Fotografia storica di una vetrina dell'Antiquarium Lomellinum Antona con reperti archeologici esposti.,documentazione fotografica,image,Davide Pace,s.d.,"Gropello Cairoli (PV), località Frascate, vigna Garaldi",Archivio Davide Pace,"Archivio Davide Pace, scat. 7, fasc. 186, doc. 1",1 immagine digitale,Gropello Cairoli; località Frascate; necropoli; allestimenti museali; Davide Pace,Nuovo soggettario BNCF; Getty Art & Architecture Thesaurus (AAT); ICCD - normative e vocabolari catalografici,Fotografia storica di una vetrina dell'Antiquarium Lomellinum Antona con reperti archeologici esposti.,© Direzione regionale Musei Nazionali Lombardia - Museo Archeologico Nazionale della Lomellina; CC BY-NC 4.0 https://creativecommons.org/licenses/by-nc/4.0/,https://creativecommons.org/licenses/by-nc/4.0/,Museo Archeologico Nazionale della Lomellina,La tomba dell'abbraccio,/exhibits/tomba-abbraccio/,"",pace_iiif_item,pace,"/img/derivatives/iiif/images/tomba-vetrina-antiquarium-scat07-fasc186-ud001/full/250,/0/default.jpg","/img/derivatives/iiif/images/tomba-vetrina-antiquarium-scat07-fasc186-ud001/full/1140,/0/default.jpg",/img/derivatives/iiif/tomba-vetrina-antiquarium-scat07-fasc186-ud001/manifest.json,"","",""
tomba-vetrina-antiquarium-scat07-fasc189-ud001,tomba-vetrina-antiquarium-scat07-fasc189-ud001,"Vetrina storica con elementi del corredo, scat. 7, fasc. 189, doc. 1","Fotografia storica di una vetrina dell'Antiquarium Lomellinum Antona con statuetta, specchio, balsamario e altri elementi del corredo.",documentazione fotografica,image,Davide Pace,s.d.,"Gropello Cairoli (PV), località Frascate, vigna Garaldi",Archivio Davide Pace,"Archivio Davide Pace, scat. 7, fasc. 189, doc. 1",1 immagine digitale,Gropello Cairoli; località Frascate; necropoli; corredo funerario; reperti archeologici; allestimenti museali; Davide Pace; corredo,Nuovo soggettario BNCF; Getty Art & Architecture Thesaurus (AAT); ICCD - normative e vocabolari catalografici,"Fotografia storica di una vetrina dell'Antiquarium Lomellinum Antona con statuetta, specchio, balsamario e altri elementi del corredo.",© Direzione regionale Musei Nazionali Lombardia - Museo Archeologico Nazionale della Lomellina; CC BY-NC 4.0 https://creativecommons.org/licenses/by-nc/4.0/,https://creativecommons.org/licenses/by-nc/4.0/,Museo Archeologico Nazionale della Lomellina,La tomba dell'abbraccio,/exhibits/tomba-abbraccio/,"",pace_iiif_item,pace,"/img/derivatives/iiif/images/tomba-vetrina-antiquarium-scat07-fasc189-ud001/full/250,/0/default.jpg","/img/derivatives/iiif/images/tomba-vetrina-antiquarium-scat07-fasc189-ud001/full/1140,/0/default.jpg",/img/derivatives/iiif/tomba-vetrina-antiquarium-scat07-fasc189-ud001/manifest.json,"","",""
tomba-vetrina-antiquarium-scat07-fasc189-ud002,tomba-vetrina-antiquarium-scat07-fasc189-ud002,"Vetrine storiche dell'Antiquarium Lomellinum Antona, scat. 7, fasc. 189, doc. 2",Fotografia storica delle vetrine dell'Antiquarium Lomellinum Antona con materiali della necropoli e confronti di allestimento.,documentazione fotografica,image,Davide Pace,s.d.,"Gropello Cairoli (PV), località Frascate, vigna Garaldi",Archivio Davide Pace,"Archivio Davide Pace, scat. 7, fasc. 189, doc. 2",1 immagine digitale,Gropello Cairoli; località Frascate; scavi archeologici; necropoli; allestimenti museali; Davide Pace,Nuovo soggettario BNCF; Getty Art & Architecture Thesaurus (AAT); ICCD - normative e vocabolari catalografici,Fotografia storica delle vetrine dell'Antiquarium Lomellinum Antona con materiali della necropoli e confronti di allestimento.,© Direzione regionale Musei Nazionali Lombardia - Museo Archeologico Nazionale della Lomellina; CC BY-NC 4.0 https://creativecommons.org/licenses/by-nc/4.0/,https://creativecommons.org/licenses/by-nc/4.0/,Museo Archeologico Nazionale della Lomellina,La tomba dell'abbraccio,/exhibits/tomba-abbraccio/,"",pace_iiif_item,pace,"/img/derivatives/iiif/images/tomba-vetrina-antiquarium-scat07-fasc189-ud002/full/250,/0/default.jpg","/img/derivatives/iiif/images/tomba-vetrina-antiquarium-scat07-fasc189-ud002/full/1140,/0/default.jpg",/img/derivatives/iiif/tomba-vetrina-antiquarium-scat07-fasc189-ud002/manifest.json,"","",""
